codec,corpus,direction,level,block,ratio,throughput_MBps,p50_us,p99_us,p999_us,cpu_frac,cores_freed
sw-zstd,ingress-6-517074b.bin,compress,1,8192,0.0150,630.7,12.89,16.02,16.85,1.000,0.000
sw-zstd,ingress-6-517074b.bin,decompress,1,8192,0.0150,3945.2,2.08,2.94,2.94,1.000,0.000
sw-zstd,ingress-6-517074b.bin,compress,1,16384,0.0075,2581.4,4.18,14.13,14.25,1.001,0.000
sw-zstd,ingress-6-517074b.bin,decompress,1,16384,0.0075,20297.7,0.80,1.03,1.04,1.000,0.000
sw-zstd,ingress-6-517074b.bin,compress,1,32768,0.0667,1069.3,29.80,35.26,49.95,1.000,0.000
sw-zstd,ingress-6-517074b.bin,decompress,1,32768,0.0667,1891.9,17.28,18.84,18.95,1.001,0.000
sw-zstd,ingress-6-517074b.bin,compress,1,65536,0.0995,727.0,89.81,94.84,95.32,1.000,0.000
sw-zstd,ingress-6-517074b.bin,decompress,1,65536,0.0995,1488.5,43.98,45.26,45.36,1.000,0.000
sw-zstd,ingress-6-517074b.bin,compress,1,131072,0.1137,630.3,207.63,213.48,213.84,1.000,0.000
sw-zstd,ingress-6-517074b.bin,decompress,1,131072,0.1137,1283.3,102.01,104.21,104.42,1.000,0.000
sw-zstd,ingress-6-517074b.bin,compress,1,0,0.2257,728.2,709.51,722.80,724.18,1.000,0.000
sw-zstd,ingress-6-517074b.bin,decompress,1,0,0.2257,1294.9,398.92,405.95,406.94,1.000,0.000
sw-zstd,ingress-6-517074b.bin,compress,3,8192,0.0150,2194.7,3.72,3.86,3.88,1.002,0.000
sw-zstd,ingress-6-517074b.bin,decompress,3,8192,0.0150,14195.0,0.59,0.84,0.84,0.999,0.001
sw-zstd,ingress-6-517074b.bin,compress,3,16384,0.0075,4074.4,4.02,4.18,4.19,1.003,0.000
sw-zstd,ingress-6-517074b.bin,decompress,3,16384,0.0075,19911.3,0.80,1.09,1.13,1.001,0.000
sw-zstd,ingress-6-517074b.bin,compress,3,32768,0.0834,970.9,33.64,36.68,37.92,1.001,0.000
sw-zstd,ingress-6-517074b.bin,decompress,3,32768,0.0834,2091.7,15.90,16.38,16.88,1.001,0.000
sw-zstd,ingress-6-517074b.bin,compress,3,65536,0.1609,623.8,104.63,111.45,115.61,1.000,0.000
sw-zstd,ingress-6-517074b.bin,decompress,3,65536,0.1609,1451.2,45.46,47.94,48.79,1.000,0.000
sw-zstd,ingress-6-517074b.bin,compress,3,131072,0.2067,518.7,252.38,258.98,259.03,1.000,0.000
sw-zstd,ingress-6-517074b.bin,decompress,3,131072,0.2067,1292.8,102.24,104.42,104.42,1.000,0.000
sw-zstd,ingress-6-517074b.bin,compress,3,0,0.2647,522.4,988.57,1007.91,1013.19,1.000,0.000
sw-zstd,ingress-6-517074b.bin,decompress,3,0,0.2647,1298.2,399.80,405.10,406.15,1.000,0.000
sw-zstd,ingress-6-517074b.bin,compress,6,8192,0.0150,1647.8,4.92,5.50,8.09,1.000,0.000
sw-zstd,ingress-6-517074b.bin,decompress,6,8192,0.0150,13148.4,0.60,0.94,1.12,1.000,0.000
sw-zstd,ingress-6-517074b.bin,compress,6,16384,0.0075,2795.3,5.84,6.07,6.76,1.000,0.000
sw-zstd,ingress-6-517074b.bin,decompress,6,16384,0.0075,20780.7,0.80,1.03,1.09,1.000,0.000
sw-zstd,ingress-6-517074b.bin,compress,6,32768,0.0547,396.3,81.76,92.41,94.47,1.000,0.000
sw-zstd,ingress-6-517074b.bin,decompress,6,32768,0.0547,2398.2,13.62,14.41,14.54,1.001,0.000
sw-zstd,ingress-6-517074b.bin,compress,6,65536,0.0915,245.4,265.30,287.98,288.21,1.000,0.000
sw-zstd,ingress-6-517074b.bin,decompress,6,65536,0.0915,1497.0,43.67,47.98,48.24,1.000,0.000
sw-zstd,ingress-6-517074b.bin,compress,6,131072,0.1100,201.4,646.79,706.50,712.48,1.000,0.000
sw-zstd,ingress-6-517074b.bin,decompress,6,131072,0.1100,1287.8,101.61,103.81,103.93,1.000,0.000
sw-zstd,ingress-6-517074b.bin,compress,6,0,0.2264,206.2,2501.00,2587.27,2626.68,1.000,0.000
sw-zstd,ingress-6-517074b.bin,decompress,6,0,0.2264,1278.4,403.90,411.60,411.74,1.000,0.000
sw-zstd,ingress-6-517074b.bin,compress,9,8192,0.0150,1721.7,4.71,5.23,7.93,1.000,0.000
sw-zstd,ingress-6-517074b.bin,decompress,9,8192,0.0150,13725.6,0.60,0.84,0.84,1.000,0.000
sw-zstd,ingress-6-517074b.bin,compress,9,16384,0.0075,3270.8,5.00,5.17,5.20,1.003,0.000
sw-zstd,ingress-6-517074b.bin,decompress,9,16384,0.0075,19954.1,0.80,1.03,1.04,1.000,0.000
sw-zstd,ingress-6-517074b.bin,compress,9,32768,0.0541,164.4,199.90,204.94,207.06,1.000,0.000
sw-zstd,ingress-6-517074b.bin,decompress,9,32768,0.0541,2401.9,13.64,14.47,14.51,1.000,0.000
sw-zstd,ingress-6-517074b.bin,compress,9,65536,0.0904,95.3,689.09,708.35,712.13,1.000,0.000
sw-zstd,ingress-6-517074b.bin,decompress,9,65536,0.0904,1497.0,43.74,44.79,45.36,1.000,0.000
sw-zstd,ingress-6-517074b.bin,compress,9,131072,0.1087,78.0,1682.59,1734.22,1772.95,1.000,0.000
sw-zstd,ingress-6-517074b.bin,decompress,9,131072,0.1087,1286.7,101.66,105.94,108.57,1.000,0.000
sw-zstd,ingress-6-517074b.bin,compress,9,0,0.2232,143.1,3609.34,3770.68,3774.42,1.000,0.000
sw-zstd,ingress-6-517074b.bin,decompress,9,0,0.2232,1279.7,403.80,408.50,411.46,1.000,0.000
sw-zstd,egress-3-77366b.bin,compress,1,8192,0.1792,361.9,22.59,23.72,24.02,1.001,0.000
sw-zstd,egress-3-77366b.bin,decompress,1,8192,0.1792,735.8,11.10,11.88,12.49,1.000,0.000
sw-zstd,egress-3-77366b.bin,compress,1,16384,0.1587,477.3,34.27,35.31,36.59,1.001,0.000
sw-zstd,egress-3-77366b.bin,decompress,1,16384,0.1587,825.5,19.80,20.63,20.69,1.000,0.000
sw-zstd,egress-3-77366b.bin,compress,1,32768,0.1512,516.1,63.31,67.59,67.87,1.000,0.000
sw-zstd,egress-3-77366b.bin,decompress,1,32768,0.1512,889.8,36.64,41.49,41.56,1.000,0.000
sw-zstd,egress-3-77366b.bin,compress,1,65536,0.2611,595.1,109.70,113.86,114.56,0.999,0.001
sw-zstd,egress-3-77366b.bin,decompress,1,65536,0.2611,964.2,67.93,69.14,71.86,1.000,0.000
sw-zstd,egress-3-77366b.bin,compress,1,131072,0.3169,661.2,116.37,123.59,125.29,1.000,0.000
sw-zstd,egress-3-77366b.bin,decompress,1,131072,0.3169,970.1,79.80,80.72,80.76,1.000,0.000
sw-zstd,egress-3-77366b.bin,compress,1,0,0.3169,662.5,116.35,121.58,122.29,1.000,0.000
sw-zstd,egress-3-77366b.bin,decompress,1,0,0.3169,969.0,79.83,81.20,81.20,1.000,0.000
sw-zstd,egress-3-77366b.bin,compress,3,8192,0.2037,327.2,24.97,28.08,28.11,1.001,0.000
sw-zstd,egress-3-77366b.bin,decompress,3,8192,0.2037,845.2,9.83,10.16,10.51,1.000,0.000
sw-zstd,egress-3-77366b.bin,compress,3,16384,0.2112,403.6,40.56,41.70,41.77,1.000,0.000
sw-zstd,egress-3-77366b.bin,decompress,3,16384,0.2112,956.0,17.44,20.16,20.73,1.000,0.000
sw-zstd,egress-3-77366b.bin,compress,3,32768,0.2214,451.3,72.39,74.84,74.87,1.000,0.000
sw-zstd,egress-3-77366b.bin,decompress,3,32768,0.2214,989.4,33.36,34.14,34.22,1.000,0.000
sw-zstd,egress-3-77366b.bin,compress,3,65536,0.3061,529.7,123.25,128.52,128.60,1.000,0.000
sw-zstd,egress-3-77366b.bin,decompress,3,65536,0.3061,976.2,67.36,71.65,71.86,1.000,0.000
sw-zstd,egress-3-77366b.bin,compress,3,131072,0.3574,576.3,133.79,139.76,139.97,1.000,0.000
sw-zstd,egress-3-77366b.bin,decompress,3,131072,0.3574,969.3,79.84,83.36,83.96,1.000,0.000
sw-zstd,egress-3-77366b.bin,compress,3,0,0.3574,576.4,133.81,139.33,140.75,1.000,0.000
sw-zstd,egress-3-77366b.bin,decompress,3,0,0.3574,970.1,79.78,81.82,81.99,1.000,0.000
sw-zstd,egress-3-77366b.bin,compress,6,8192,0.1356,124.6,65.52,68.86,70.12,1.000,0.000
sw-zstd,egress-3-77366b.bin,decompress,6,8192,0.1356,1016.6,8.00,8.93,11.88,1.000,0.000
sw-zstd,egress-3-77366b.bin,compress,6,16384,0.1312,136.6,119.37,126.34,126.34,1.000,0.000
sw-zstd,egress-3-77366b.bin,decompress,6,16384,0.1312,1028.9,15.91,16.70,16.71,1.000,0.000
sw-zstd,egress-3-77366b.bin,compress,6,32768,0.1384,168.2,193.91,207.17,208.21,1.000,0.000
sw-zstd,egress-3-77366b.bin,decompress,6,32768,0.1384,1039.2,31.49,32.38,33.30,1.000,0.000
sw-zstd,egress-3-77366b.bin,compress,6,65536,0.2682,167.6,390.21,411.95,415.54,1.000,0.000
sw-zstd,egress-3-77366b.bin,decompress,6,65536,0.2682,926.1,70.73,72.51,73.03,1.000,0.000
sw-zstd,egress-3-77366b.bin,compress,6,131072,0.2728,157.4,490.30,510.66,511.37,1.000,0.000
sw-zstd,egress-3-77366b.bin,decompress,6,131072,0.2728,923.1,83.75,88.62,88.83,1.000,0.000
sw-zstd,egress-3-77366b.bin,compress,6,0,0.2728,157.2,491.08,513.16,516.67,1.000,0.000
sw-zstd,egress-3-77366b.bin,decompress,6,0,0.2728,924.1,83.80,87.73,88.22,1.000,0.000
sw-zstd,egress-3-77366b.bin,compress,9,8192,0.1356,19.6,418.29,424.56,425.83,1.000,0.000
sw-zstd,egress-3-77366b.bin,decompress,9,8192,0.1356,1022.2,8.00,8.52,8.82,1.000,0.000
sw-zstd,egress-3-77366b.bin,compress,9,16384,0.1312,19.5,841.16,856.27,857.64,1.000,0.000
sw-zstd,egress-3-77366b.bin,decompress,9,16384,0.1312,1026.9,15.91,16.76,16.76,1.000,0.000
sw-zstd,egress-3-77366b.bin,compress,9,32768,0.1368,68.0,480.39,513.14,513.52,1.000,0.000
sw-zstd,egress-3-77366b.bin,decompress,9,32768,0.1368,1039.1,31.48,32.35,32.46,1.000,0.000
sw-zstd,egress-3-77366b.bin,compress,9,65536,0.2583,79.4,825.88,865.60,870.66,1.000,0.000
sw-zstd,egress-3-77366b.bin,decompress,9,65536,0.2583,1028.4,63.65,65.66,65.66,1.000,0.000
sw-zstd,egress-3-77366b.bin,compress,9,131072,0.2673,79.2,977.68,995.26,995.27,1.000,0.000
sw-zstd,egress-3-77366b.bin,decompress,9,131072,0.2673,939.0,82.42,84.83,86.16,1.000,0.000
sw-zstd,egress-3-77366b.bin,compress,9,0,0.2673,79.1,978.64,1006.38,1017.64,1.000,0.000
sw-zstd,egress-3-77366b.bin,decompress,9,0,0.2673,939.6,82.41,84.34,84.54,1.000,0.000
sw-zstd,ingress-3-77388b.bin,compress,1,8192,0.1332,484.1,16.88,17.84,17.96,1.001,0.000
sw-zstd,ingress-3-77388b.bin,decompress,1,8192,0.1332,925.0,8.86,9.21,9.83,1.000,0.000
sw-zstd,ingress-3-77388b.bin,compress,1,16384,0.1384,536.9,30.43,31.55,32.02,1.001,0.000
sw-zstd,ingress-3-77388b.bin,decompress,1,16384,0.1384,936.1,17.42,18.94,21.55,1.000,0.000
sw-zstd,ingress-3-77388b.bin,compress,1,32768,0.1411,541.3,60.33,64.71,64.80,1.000,0.000
sw-zstd,ingress-3-77388b.bin,decompress,1,32768,0.1411,953.2,34.25,38.82,39.09,1.000,0.000
sw-zstd,ingress-3-77388b.bin,compress,1,65536,0.2654,591.1,110.67,115.84,116.36,1.000,0.000
sw-zstd,ingress-3-77388b.bin,decompress,1,65536,0.2654,960.5,68.22,69.32,69.42,1.000,0.000
sw-zstd,ingress-3-77388b.bin,compress,1,131072,0.3171,655.6,117.67,122.99,123.19,1.000,0.000
sw-zstd,ingress-3-77388b.bin,decompress,1,131072,0.3171,964.5,79.92,83.89,87.32,0.997,0.003
sw-zstd,ingress-3-77388b.bin,compress,1,0,0.3171,655.1,117.74,122.36,122.69,1.000,0.000
sw-zstd,ingress-3-77388b.bin,decompress,1,0,0.3171,967.8,79.96,81.33,81.69,1.000,0.000
sw-zstd,ingress-3-77388b.bin,compress,3,8192,0.1376,431.6,18.97,19.85,20.01,1.001,0.000
sw-zstd,ingress-3-77388b.bin,decompress,3,8192,0.1376,948.1,8.50,12.39,13.23,0.993,0.007
sw-zstd,ingress-3-77388b.bin,compress,3,16384,0.1759,467.1,35.01,36.42,38.29,1.001,0.000
sw-zstd,ingress-3-77388b.bin,decompress,3,16384,0.1759,1036.4,16.13,16.61,16.71,1.000,0.000
sw-zstd,ingress-3-77388b.bin,compress,3,32768,0.2059,481.3,67.98,70.21,70.25,1.000,0.000
sw-zstd,ingress-3-77388b.bin,decompress,3,32768,0.2059,1026.3,31.98,34.05,34.98,1.000,0.000
sw-zstd,ingress-3-77388b.bin,compress,3,65536,0.3107,529.0,123.40,126.98,127.70,1.000,0.000
sw-zstd,ingress-3-77388b.bin,decompress,3,65536,0.3107,969.0,67.72,72.74,72.81,1.000,0.000
sw-zstd,ingress-3-77388b.bin,compress,3,131072,0.3584,575.4,133.98,138.78,139.62,1.000,0.000
sw-zstd,ingress-3-77388b.bin,decompress,3,131072,0.3584,957.6,80.89,82.26,82.40,1.000,0.000
sw-zstd,ingress-3-77388b.bin,compress,3,0,0.3584,575.6,133.89,140.56,142.73,1.000,0.000
sw-zstd,ingress-3-77388b.bin,decompress,3,0,0.3584,957.3,80.87,82.64,82.76,1.000,0.000
sw-zstd,ingress-3-77388b.bin,compress,6,8192,0.0979,174.3,46.87,49.12,49.25,1.000,0.000
sw-zstd,ingress-3-77388b.bin,decompress,6,8192,0.0979,1404.2,5.75,6.06,7.86,1.000,0.000
sw-zstd,ingress-3-77388b.bin,compress,6,16384,0.1124,154.3,105.93,109.14,109.22,1.000,0.000
sw-zstd,ingress-3-77388b.bin,decompress,6,16384,0.1124,1187.1,13.75,14.53,16.11,1.000,0.000
sw-zstd,ingress-3-77388b.bin,compress,6,32768,0.1281,182.0,178.11,190.02,192.68,1.000,0.000
sw-zstd,ingress-3-77388b.bin,decompress,6,32768,0.1281,1112.0,29.27,34.72,35.18,1.000,0.000
sw-zstd,ingress-3-77388b.bin,compress,6,65536,0.2731,166.3,392.91,415.71,417.58,1.000,0.000
sw-zstd,ingress-3-77388b.bin,decompress,6,65536,0.2731,920.1,71.12,73.96,74.63,1.000,0.000
sw-zstd,ingress-3-77388b.bin,compress,6,131072,0.2731,157.3,490.73,515.66,517.63,1.000,0.000
sw-zstd,ingress-3-77388b.bin,decompress,6,131072,0.2731,925.3,83.66,86.03,86.28,1.000,0.000
sw-zstd,ingress-3-77388b.bin,compress,6,0,0.2731,157.0,490.94,511.09,513.81,1.000,0.000
sw-zstd,ingress-3-77388b.bin,decompress,6,0,0.2731,926.7,83.59,84.99,85.14,1.000,0.000
sw-zstd,ingress-3-77388b.bin,compress,9,8192,0.0979,30.0,272.74,278.68,279.28,1.000,0.000
sw-zstd,ingress-3-77388b.bin,decompress,9,8192,0.0979,1410.1,5.75,6.01,6.01,1.000,0.000
sw-zstd,ingress-3-77388b.bin,compress,9,16384,0.1124,23.8,688.93,695.88,696.82,1.000,0.000
sw-zstd,ingress-3-77388b.bin,decompress,9,16384,0.1124,1184.7,13.74,16.58,17.43,1.000,0.000
sw-zstd,ingress-3-77388b.bin,compress,9,32768,0.1266,74.4,440.43,457.72,465.30,1.000,0.000
sw-zstd,ingress-3-77388b.bin,decompress,9,32768,0.1266,1116.2,29.27,30.61,33.45,1.000,0.000
sw-zstd,ingress-3-77388b.bin,compress,9,65536,0.2632,79.5,824.00,858.84,869.26,1.000,0.000
sw-zstd,ingress-3-77388b.bin,decompress,9,65536,0.2632,1027.7,63.72,64.97,65.03,1.000,0.000
sw-zstd,ingress-3-77388b.bin,compress,9,131072,0.2677,79.5,974.83,991.57,994.04,1.000,0.000
sw-zstd,ingress-3-77388b.bin,decompress,9,131072,0.2677,941.4,82.40,83.92,84.11,1.000,0.000
sw-zstd,ingress-3-77388b.bin,compress,9,0,0.2677,79.4,974.91,993.41,995.14,1.000,0.000
sw-zstd,ingress-3-77388b.bin,decompress,9,0,0.2677,939.6,82.39,85.44,86.05,1.000,0.000
sw-zstd,ingress-2-12575b.bin,compress,1,8192,0.1877,365.7,22.37,23.60,24.20,1.001,0.000
sw-zstd,ingress-2-12575b.bin,decompress,1,8192,0.1877,747.3,10.93,11.75,11.75,1.000,0.000
sw-zstd,ingress-2-12575b.bin,compress,1,16384,0.3191,420.8,29.79,31.29,34.00,1.001,0.000
sw-zstd,ingress-2-12575b.bin,decompress,1,16384,0.3191,862.2,14.54,15.49,18.63,1.000,0.000
sw-zstd,ingress-2-12575b.bin,compress,1,32768,0.3191,421.6,29.79,31.82,32.12,1.001,0.000
sw-zstd,ingress-2-12575b.bin,decompress,1,32768,0.3191,862.7,14.52,16.39,18.36,1.000,0.000
sw-zstd,ingress-2-12575b.bin,compress,1,65536,0.3191,422.6,29.70,30.80,30.87,1.001,0.000
sw-zstd,ingress-2-12575b.bin,decompress,1,65536,0.3191,864.8,14.51,16.39,16.40,1.000,0.000
sw-zstd,ingress-2-12575b.bin,compress,1,131072,0.3191,421.4,29.72,33.89,34.18,1.001,0.000
sw-zstd,ingress-2-12575b.bin,decompress,1,131072,0.3191,862.8,14.52,15.38,18.16,1.000,0.000
sw-zstd,ingress-2-12575b.bin,compress,1,0,0.3191,422.4,29.72,30.59,31.11,1.001,0.000
sw-zstd,ingress-2-12575b.bin,decompress,1,0,0.3191,866.1,14.51,15.30,15.34,1.000,0.000
sw-zstd,ingress-2-12575b.bin,compress,3,8192,0.2059,352.5,23.21,24.06,24.23,1.001,0.000
sw-zstd,ingress-2-12575b.bin,decompress,3,8192,0.2059,761.6,10.73,11.66,14.51,1.000,0.000
sw-zstd,ingress-2-12575b.bin,compress,3,16384,0.3512,344.1,36.50,37.77,37.85,1.001,0.000
sw-zstd,ingress-2-12575b.bin,decompress,3,16384,0.3512,851.2,14.81,15.25,15.29,1.000,0.000
sw-zstd,ingress-2-12575b.bin,compress,3,32768,0.3512,345.7,36.32,37.65,38.29,1.001,0.000
sw-zstd,ingress-2-12575b.bin,decompress,3,32768,0.3512,854.0,14.74,16.25,16.67,1.000,0.000
sw-zstd,ingress-2-12575b.bin,compress,3,65536,0.3512,345.8,36.30,37.88,38.04,1.001,0.000
sw-zstd,ingress-2-12575b.bin,decompress,3,65536,0.3512,849.9,14.78,15.75,18.43,1.000,0.000
sw-zstd,ingress-2-12575b.bin,compress,3,131072,0.3512,345.6,36.34,37.43,37.65,1.001,0.000
sw-zstd,ingress-2-12575b.bin,decompress,3,131072,0.3512,847.5,14.82,15.59,18.70,1.000,0.000
sw-zstd,ingress-2-12575b.bin,compress,3,0,0.3512,345.7,36.33,37.88,38.44,1.001,0.000
sw-zstd,ingress-2-12575b.bin,decompress,3,0,0.3512,847.6,14.81,16.51,18.40,1.000,0.000
sw-zstd,ingress-2-12575b.bin,compress,6,8192,0.1591,132.5,61.66,66.17,66.27,1.000,0.000
sw-zstd,ingress-2-12575b.bin,decompress,6,8192,0.1591,1040.3,7.85,7.93,7.93,1.000,0.000
sw-zstd,ingress-2-12575b.bin,compress,6,16384,0.3096,130.7,96.11,100.76,103.23,1.000,0.000
sw-zstd,ingress-2-12575b.bin,decompress,6,16384,0.3096,871.8,14.38,15.20,18.35,1.000,0.000
sw-zstd,ingress-2-12575b.bin,compress,6,32768,0.3096,131.7,95.35,98.06,98.34,1.000,0.000
sw-zstd,ingress-2-12575b.bin,decompress,6,32768,0.3096,871.2,14.37,16.97,18.16,1.001,0.000
sw-zstd,ingress-2-12575b.bin,compress,6,65536,0.3096,131.5,95.33,100.97,102.31,1.000,0.000
sw-zstd,ingress-2-12575b.bin,decompress,6,65536,0.3096,875.0,14.36,15.10,15.15,1.000,0.000
sw-zstd,ingress-2-12575b.bin,compress,6,131072,0.3096,131.5,95.52,99.66,100.95,1.000,0.000
sw-zstd,ingress-2-12575b.bin,decompress,6,131072,0.3096,874.6,14.36,15.26,15.93,1.000,0.000
sw-zstd,ingress-2-12575b.bin,compress,6,0,0.3096,131.7,95.42,99.27,100.44,1.000,0.000
sw-zstd,ingress-2-12575b.bin,decompress,6,0,0.3096,874.3,14.37,15.11,15.16,1.000,0.000
sw-zstd,ingress-2-12575b.bin,compress,9,8192,0.1591,25.1,325.99,333.23,333.30,1.000,0.000
sw-zstd,ingress-2-12575b.bin,decompress,9,8192,0.1591,1041.8,7.86,7.95,7.97,1.000,0.000
sw-zstd,ingress-2-12575b.bin,compress,9,16384,0.3096,31.2,402.12,411.94,412.63,1.000,0.000
sw-zstd,ingress-2-12575b.bin,decompress,9,16384,0.3096,874.5,14.37,15.10,15.21,1.000,0.000
sw-zstd,ingress-2-12575b.bin,compress,9,32768,0.3096,31.3,401.22,411.20,411.44,1.000,0.000
sw-zstd,ingress-2-12575b.bin,decompress,9,32768,0.3096,875.8,14.35,15.15,15.20,1.000,0.000
sw-zstd,ingress-2-12575b.bin,compress,9,65536,0.3096,31.3,401.85,409.69,409.95,1.000,0.000
sw-zstd,ingress-2-12575b.bin,decompress,9,65536,0.3096,871.7,14.35,18.74,19.40,1.000,0.000
sw-zstd,ingress-2-12575b.bin,compress,9,131072,0.3096,31.3,401.18,409.99,410.00,1.000,0.000
sw-zstd,ingress-2-12575b.bin,decompress,9,131072,0.3096,875.2,14.35,15.12,15.18,1.000,0.000
sw-zstd,ingress-2-12575b.bin,compress,9,0,0.3096,31.4,400.47,409.06,411.51,1.000,0.000
sw-zstd,ingress-2-12575b.bin,decompress,9,0,0.3096,874.9,14.36,15.10,15.21,1.000,0.000
sw-zstd,egress-6-280108b.bin,compress,1,8192,0.1144,394.7,20.77,21.73,21.83,1.001,0.000
sw-zstd,egress-6-280108b.bin,decompress,1,8192,0.1144,1113.2,7.32,7.77,9.44,1.000,0.000
sw-zstd,egress-6-280108b.bin,compress,1,16384,0.1206,560.5,29.14,30.72,33.11,1.001,0.000
sw-zstd,egress-6-280108b.bin,decompress,1,16384,0.1206,1070.0,15.24,18.76,19.38,1.000,0.000
sw-zstd,egress-6-280108b.bin,compress,1,32768,0.1236,555.1,58.86,63.49,63.55,1.000,0.000
sw-zstd,egress-6-280108b.bin,decompress,1,32768,0.1236,1058.6,30.91,31.76,31.78,1.000,0.000
sw-zstd,egress-6-280108b.bin,compress,1,65536,0.1253,565.2,115.68,119.71,120.65,1.000,0.000
sw-zstd,egress-6-280108b.bin,decompress,1,65536,0.1253,1092.8,59.85,62.71,63.08,1.000,0.000
sw-zstd,egress-6-280108b.bin,compress,1,131072,0.1309,546.7,239.49,244.60,246.87,1.000,0.000
sw-zstd,egress-6-280108b.bin,decompress,1,131072,0.1309,990.3,132.16,134.49,134.63,1.000,0.000
sw-zstd,egress-6-280108b.bin,compress,1,0,0.2340,711.7,392.70,405.17,405.94,1.000,0.000
sw-zstd,egress-6-280108b.bin,decompress,1,0,0.2340,1239.6,225.87,228.15,228.16,1.000,0.000
sw-zstd,egress-6-280108b.bin,compress,3,8192,0.1144,392.8,20.82,21.95,25.16,1.001,0.000
sw-zstd,egress-6-280108b.bin,decompress,3,8192,0.1144,1117.3,7.33,7.41,7.41,1.000,0.000
sw-zstd,egress-6-280108b.bin,compress,3,16384,0.1206,548.3,29.82,31.57,32.86,1.001,0.000
sw-zstd,egress-6-280108b.bin,decompress,3,16384,0.1206,1071.6,15.24,16.08,19.32,1.001,0.000
sw-zstd,egress-6-280108b.bin,compress,3,32768,0.1236,551.1,59.42,60.30,60.38,1.000,0.000
sw-zstd,egress-6-280108b.bin,decompress,3,32768,0.1236,1057.9,30.90,32.85,32.91,1.000,0.000
sw-zstd,egress-6-280108b.bin,compress,3,65536,0.1253,558.9,116.76,122.49,124.64,1.000,0.000
sw-zstd,egress-6-280108b.bin,decompress,3,65536,0.1253,1092.9,59.88,61.79,61.80,1.000,0.000
sw-zstd,egress-6-280108b.bin,compress,3,131072,0.1309,531.1,245.06,257.78,258.32,1.000,0.000
sw-zstd,egress-6-280108b.bin,decompress,3,131072,0.1309,989.5,132.15,136.93,138.11,1.000,0.000
sw-zstd,egress-6-280108b.bin,compress,3,0,0.2624,672.8,415.68,433.88,434.32,1.000,0.000
sw-zstd,egress-6-280108b.bin,decompress,3,0,0.2624,1106.0,253.01,258.15,258.74,1.000,0.000
sw-zstd,egress-6-280108b.bin,compress,6,8192,0.1139,140.8,58.10,59.48,59.86,1.000,0.000
sw-zstd,egress-6-280108b.bin,decompress,6,8192,0.1139,1125.3,7.27,7.54,7.59,1.000,0.000
sw-zstd,egress-6-280108b.bin,compress,6,16384,0.1203,145.6,112.07,116.98,118.65,1.000,0.000
sw-zstd,egress-6-280108b.bin,decompress,6,16384,0.1203,1071.4,15.22,19.01,19.51,1.000,0.000
sw-zstd,egress-6-280108b.bin,compress,6,32768,0.1237,177.6,182.43,195.91,197.00,1.000,0.000
sw-zstd,egress-6-280108b.bin,decompress,6,32768,0.1237,1060.4,30.81,33.02,34.95,1.000,0.000
sw-zstd,egress-6-280108b.bin,compress,6,65536,0.1253,175.3,369.07,402.08,405.01,1.000,0.000
sw-zstd,egress-6-280108b.bin,decompress,6,65536,0.1253,1094.2,59.78,63.87,64.15,1.000,0.000
sw-zstd,egress-6-280108b.bin,compress,6,131072,0.1309,176.1,739.31,790.71,809.22,1.000,0.000
sw-zstd,egress-6-280108b.bin,decompress,6,131072,0.1309,991.0,132.15,134.01,134.28,1.000,0.000
sw-zstd,egress-6-280108b.bin,compress,6,0,0.2360,210.3,1328.82,1382.38,1385.11,1.000,0.000
sw-zstd,egress-6-280108b.bin,decompress,6,0,0.2360,1277.0,219.28,221.18,221.37,1.000,0.000
sw-zstd,egress-6-280108b.bin,compress,9,8192,0.1139,28.7,286.36,292.88,293.84,1.000,0.000
sw-zstd,egress-6-280108b.bin,decompress,9,8192,0.1139,1124.3,7.28,7.36,7.59,1.000,0.000
sw-zstd,egress-6-280108b.bin,compress,9,16384,0.1203,26.2,627.31,636.86,640.26,0.999,0.001
sw-zstd,egress-6-280108b.bin,decompress,9,16384,0.1203,1074.7,15.23,16.03,16.07,1.000,0.000
sw-zstd,egress-6-280108b.bin,compress,9,32768,0.1237,69.3,472.48,486.84,487.79,1.000,0.000
sw-zstd,egress-6-280108b.bin,decompress,9,32768,0.1237,1062.5,30.81,31.58,31.65,1.000,0.000
sw-zstd,egress-6-280108b.bin,compress,9,65536,0.1253,68.1,964.51,984.57,987.39,1.000,0.000
sw-zstd,egress-6-280108b.bin,decompress,9,65536,0.1253,1095.6,59.78,60.61,60.65,1.000,0.000
sw-zstd,egress-6-280108b.bin,compress,9,131072,0.1309,72.7,1803.73,1913.83,1918.45,1.000,0.000
sw-zstd,egress-6-280108b.bin,decompress,9,131072,0.1309,990.5,132.14,135.64,136.30,1.000,0.000
sw-zstd,egress-6-280108b.bin,compress,9,0,0.2360,147.1,1901.70,1947.85,1950.48,1.000,0.000
sw-zstd,egress-6-280108b.bin,decompress,9,0,0.2360,1276.2,219.34,221.68,222.11,1.000,0.000
sw-zstd,egress-1-3759b.bin,compress,1,8192,0.3437,327.0,11.45,13.22,13.82,1.001,0.000
sw-zstd,egress-1-3759b.bin,decompress,1,8192,0.3437,616.9,6.05,7.76,8.90,1.000,0.000
sw-zstd,egress-1-3759b.bin,compress,1,16384,0.3437,327.4,11.45,13.11,13.17,1.001,0.000
sw-zstd,egress-1-3759b.bin,decompress,1,16384,0.3437,618.7,6.04,6.97,7.04,1.000,0.000
sw-zstd,egress-1-3759b.bin,compress,1,32768,0.3437,327.7,11.43,12.29,12.37,1.001,0.000
sw-zstd,egress-1-3759b.bin,decompress,1,32768,0.3437,618.3,6.05,6.86,6.94,1.000,0.000
sw-zstd,egress-1-3759b.bin,compress,1,65536,0.3437,327.5,11.45,12.23,12.26,1.001,0.000
sw-zstd,egress-1-3759b.bin,decompress,1,65536,0.3437,618.9,6.05,6.86,6.88,1.000,0.000
sw-zstd,egress-1-3759b.bin,compress,1,131072,0.3437,327.6,11.43,12.19,12.28,1.001,0.000
sw-zstd,egress-1-3759b.bin,decompress,1,131072,0.3437,616.8,6.04,6.98,10.19,1.000,0.000
sw-zstd,egress-1-3759b.bin,compress,1,0,0.3437,326.8,11.45,14.90,15.93,1.001,0.000
sw-zstd,egress-1-3759b.bin,decompress,1,0,0.3437,619.0,6.04,6.88,6.89,1.000,0.000
sw-zstd,egress-1-3759b.bin,compress,3,8192,0.3639,298.4,12.55,13.46,13.55,1.001,0.000
sw-zstd,egress-1-3759b.bin,decompress,3,8192,0.3639,602.1,6.21,6.82,7.41,1.000,0.000
sw-zstd,egress-1-3759b.bin,compress,3,16384,0.3639,299.2,12.52,13.56,13.60,1.001,0.000
sw-zstd,egress-1-3759b.bin,decompress,3,16384,0.3639,601.7,6.22,6.36,6.98,1.000,0.000
sw-zstd,egress-1-3759b.bin,compress,3,32768,0.3639,299.4,12.52,13.60,13.92,1.001,0.000
sw-zstd,egress-1-3759b.bin,decompress,3,32768,0.3639,603.3,6.23,6.31,6.32,1.000,0.000
sw-zstd,egress-1-3759b.bin,compress,3,65536,0.3639,300.1,12.52,12.80,13.51,1.001,0.000
sw-zstd,egress-1-3759b.bin,decompress,3,65536,0.3639,600.9,6.22,7.56,7.76,1.000,0.000
sw-zstd,egress-1-3759b.bin,compress,3,131072,0.3639,299.9,12.48,14.49,14.54,1.001,0.000
sw-zstd,egress-1-3759b.bin,decompress,3,131072,0.3639,603.7,6.21,6.37,6.40,1.000,0.000
sw-zstd,egress-1-3759b.bin,compress,3,0,0.3639,299.9,12.48,14.13,14.33,1.001,0.000
sw-zstd,egress-1-3759b.bin,decompress,3,0,0.3639,603.8,6.21,6.33,6.34,1.000,0.000
sw-zstd,egress-1-3759b.bin,compress,6,8192,0.3285,123.6,30.35,32.16,32.65,1.000,0.000
sw-zstd,egress-1-3759b.bin,decompress,6,8192,0.3285,653.7,5.74,5.84,5.84,1.000,0.000
sw-zstd,egress-1-3759b.bin,compress,6,16384,0.3285,123.7,30.31,31.80,32.54,1.000,0.000
sw-zstd,egress-1-3759b.bin,decompress,6,16384,0.3285,653.4,5.75,5.85,5.88,1.000,0.000
sw-zstd,egress-1-3759b.bin,compress,6,32768,0.3285,122.9,30.32,31.73,35.10,0.993,0.007
sw-zstd,egress-1-3759b.bin,decompress,6,32768,0.3285,653.1,5.75,5.85,6.49,1.000,0.000
sw-zstd,egress-1-3759b.bin,compress,6,65536,0.3285,123.7,30.30,32.27,32.38,1.000,0.000
sw-zstd,egress-1-3759b.bin,decompress,6,65536,0.3285,654.0,5.74,5.85,5.85,1.000,0.000
sw-zstd,egress-1-3759b.bin,compress,6,131072,0.3285,124.0,30.29,31.55,32.31,1.000,0.000
sw-zstd,egress-1-3759b.bin,decompress,6,131072,0.3285,653.5,5.75,5.84,5.85,1.000,0.000
sw-zstd,egress-1-3759b.bin,compress,6,0,0.3285,123.3,30.31,34.94,35.78,1.000,0.000
sw-zstd,egress-1-3759b.bin,decompress,6,0,0.3285,652.1,5.75,5.84,5.87,1.000,0.000
sw-zstd,egress-1-3759b.bin,compress,9,8192,0.3285,32.1,116.84,120.00,120.13,1.000,0.000
sw-zstd,egress-1-3759b.bin,decompress,9,8192,0.3285,654.3,5.74,5.83,5.85,1.000,0.000
sw-zstd,egress-1-3759b.bin,compress,9,16384,0.3285,32.1,116.70,122.42,123.56,0.999,0.001
sw-zstd,egress-1-3759b.bin,decompress,9,16384,0.3285,652.0,5.74,5.84,5.85,1.000,0.000
sw-zstd,egress-1-3759b.bin,compress,9,32768,0.3285,32.1,116.83,120.72,122.40,1.000,0.000
sw-zstd,egress-1-3759b.bin,decompress,9,32768,0.3285,654.2,5.74,5.85,5.89,1.000,0.000
sw-zstd,egress-1-3759b.bin,compress,9,65536,0.3285,32.1,116.74,119.89,120.19,1.000,0.000
sw-zstd,egress-1-3759b.bin,decompress,9,65536,0.3285,652.8,5.74,5.84,5.85,1.002,0.000
sw-zstd,egress-1-3759b.bin,compress,9,131072,0.3285,32.1,116.70,120.02,121.98,1.000,0.000
sw-zstd,egress-1-3759b.bin,decompress,9,131072,0.3285,653.4,5.75,5.84,5.86,1.000,0.000
sw-zstd,egress-1-3759b.bin,compress,9,0,0.3285,32.1,116.73,119.80,119.97,1.000,0.000
sw-zstd,egress-1-3759b.bin,decompress,9,0,0.3285,653.4,5.75,5.84,5.86,1.000,0.000
sw-zstd,ingress-4-206903b.bin,compress,1,8192,0.0200,2298.0,3.53,3.88,4.35,0.996,0.004
sw-zstd,ingress-4-206903b.bin,decompress,1,8192,0.0200,3171.4,2.47,3.14,3.17,1.000,0.000
sw-zstd,ingress-4-206903b.bin,compress,1,16384,0.0964,657.7,24.87,25.88,26.36,1.001,0.000
sw-zstd,ingress-4-206903b.bin,decompress,1,16384,0.0964,1273.1,12.80,13.84,14.34,0.999,0.001
sw-zstd,ingress-4-206903b.bin,compress,1,32768,0.1155,628.4,52.09,53.17,53.31,1.000,0.000
sw-zstd,ingress-4-206903b.bin,decompress,1,32768,0.1155,1096.1,29.79,31.81,31.93,1.000,0.000
sw-zstd,ingress-4-206903b.bin,compress,1,65536,0.1230,587.7,111.32,116.04,116.11,1.000,0.000
sw-zstd,ingress-4-206903b.bin,decompress,1,65536,0.1230,1208.6,54.16,55.08,55.21,1.000,0.000
sw-zstd,ingress-4-206903b.bin,compress,1,131072,0.1653,568.0,230.42,236.13,236.42,1.000,0.000
sw-zstd,ingress-4-206903b.bin,decompress,1,131072,0.1653,1018.6,128.54,130.57,130.66,1.000,0.000
sw-zstd,ingress-4-206903b.bin,compress,1,0,0.2722,654.4,315.36,325.74,328.13,1.000,0.000
sw-zstd,ingress-4-206903b.bin,decompress,1,0,0.2722,1203.0,171.72,176.46,177.22,1.000,0.000
sw-zstd,ingress-4-206903b.bin,compress,3,8192,0.0200,2236.0,3.62,4.13,6.94,1.003,0.000
sw-zstd,ingress-4-206903b.bin,decompress,3,8192,0.0200,3320.3,2.44,2.78,2.79,1.000,0.000
sw-zstd,ingress-4-206903b.bin,compress,3,16384,0.1078,584.9,28.00,29.14,31.94,1.001,0.000
sw-zstd,ingress-4-206903b.bin,decompress,3,16384,0.1078,1332.4,12.31,12.75,13.31,1.000,0.000
sw-zstd,ingress-4-206903b.bin,compress,3,32768,0.1678,544.1,60.08,64.59,64.74,1.000,0.000
sw-zstd,ingress-4-206903b.bin,decompress,3,32768,0.1678,1219.5,27.27,28.27,29.75,1.000,0.000
sw-zstd,ingress-4-206903b.bin,compress,3,65536,0.2063,502.9,129.74,138.09,138.36,1.000,0.000
sw-zstd,ingress-4-206903b.bin,decompress,3,65536,0.2063,1187.5,55.60,57.83,58.60,1.000,0.000
sw-zstd,ingress-4-206903b.bin,compress,3,131072,0.2139,484.3,269.85,277.43,278.13,1.000,0.000
sw-zstd,ingress-4-206903b.bin,decompress,3,131072,0.2139,1079.5,122.03,126.58,126.71,1.000,0.000
sw-zstd,ingress-4-206903b.bin,compress,3,0,0.2643,488.0,423.42,433.11,433.35,1.000,0.000
sw-zstd,ingress-4-206903b.bin,decompress,3,0,0.2643,1143.1,181.32,187.22,187.39,1.000,0.000
sw-zstd,ingress-4-206903b.bin,compress,6,8192,0.0194,819.9,9.92,10.81,14.57,1.001,0.000
sw-zstd,ingress-4-206903b.bin,decompress,6,8192,0.0194,6214.8,1.25,1.82,1.82,1.000,0.000
sw-zstd,ingress-4-206903b.bin,compress,6,16384,0.0737,216.3,75.62,78.18,78.72,1.000,0.000
sw-zstd,ingress-4-206903b.bin,decompress,6,16384,0.0737,1695.9,9.63,10.03,11.44,1.000,0.000
sw-zstd,ingress-4-206903b.bin,compress,6,32768,0.1016,221.1,146.14,205.71,206.01,1.000,0.000
sw-zstd,ingress-4-206903b.bin,decompress,6,32768,0.1016,1296.6,25.16,29.25,29.33,1.000,0.000
sw-zstd,ingress-4-206903b.bin,compress,6,65536,0.1150,194.5,334.08,365.04,366.93,1.000,0.000
sw-zstd,ingress-4-206903b.bin,decompress,6,65536,0.1150,1215.2,53.86,54.78,54.81,1.000,0.000
sw-zstd,ingress-4-206903b.bin,compress,6,131072,0.1654,175.7,741.42,801.59,801.88,1.000,0.000
sw-zstd,ingress-4-206903b.bin,decompress,6,131072,0.1654,1021.9,127.95,132.46,132.48,1.000,0.000
sw-zstd,ingress-4-206903b.bin,compress,6,0,0.2693,195.6,1053.93,1108.00,1109.53,1.000,0.000
sw-zstd,ingress-4-206903b.bin,decompress,6,0,0.2693,1173.2,176.07,180.70,180.80,1.000,0.000
sw-zstd,ingress-4-206903b.bin,compress,9,8192,0.0194,1311.7,6.23,6.47,6.57,1.001,0.000
sw-zstd,ingress-4-206903b.bin,decompress,9,8192,0.0194,6805.3,1.09,1.77,1.77,1.001,0.000
sw-zstd,ingress-4-206903b.bin,compress,9,16384,0.0737,37.5,438.44,442.80,443.06,1.000,0.000
sw-zstd,ingress-4-206903b.bin,decompress,9,16384,0.0737,1696.6,9.64,10.01,10.42,1.000,0.000
sw-zstd,ingress-4-206903b.bin,compress,9,32768,0.1005,86.1,380.69,405.08,405.53,1.000,0.000
sw-zstd,ingress-4-206903b.bin,decompress,9,32768,0.1005,1297.8,25.10,29.37,29.42,1.000,0.000
sw-zstd,ingress-4-206903b.bin,compress,9,65536,0.1137,75.8,865.74,907.32,921.45,1.000,0.000
sw-zstd,ingress-4-206903b.bin,decompress,9,65536,0.1137,1210.7,53.91,58.18,59.34,1.000,0.000
sw-zstd,ingress-4-206903b.bin,compress,9,131072,0.1639,70.9,1852.35,1898.00,1901.12,1.000,0.000
sw-zstd,ingress-4-206903b.bin,decompress,9,131072,0.1639,1020.2,128.02,134.03,134.58,1.000,0.000
sw-zstd,ingress-4-206903b.bin,compress,9,0,0.2396,81.9,2531.21,2596.06,2597.61,1.000,0.000
sw-zstd,ingress-4-206903b.bin,decompress,9,0,0.2396,1086.2,190.65,194.64,195.29,1.000,0.000
sw-zstd,ingress-0-1316b.bin,compress,1,8192,0.4088,202.8,6.47,6.73,6.74,1.001,0.000
sw-zstd,ingress-0-1316b.bin,decompress,1,8192,0.4088,359.4,3.64,3.92,3.96,1.000,0.000
sw-zstd,ingress-0-1316b.bin,compress,1,16384,0.4088,203.9,6.45,6.68,6.70,1.001,0.000
sw-zstd,ingress-0-1316b.bin,decompress,1,16384,0.4088,362.0,3.63,3.77,3.78,1.000,0.000
sw-zstd,ingress-0-1316b.bin,compress,1,32768,0.4088,204.2,6.45,6.66,6.67,1.001,0.000
sw-zstd,ingress-0-1316b.bin,decompress,1,32768,0.4088,361.5,3.63,3.89,3.90,1.000,0.000
sw-zstd,ingress-0-1316b.bin,compress,1,65536,0.4088,203.6,6.46,6.63,6.64,1.001,0.000
sw-zstd,ingress-0-1316b.bin,decompress,1,65536,0.4088,361.6,3.63,3.95,3.96,1.000,0.000
sw-zstd,ingress-0-1316b.bin,compress,1,131072,0.4088,203.8,6.46,6.66,7.30,1.000,0.000
sw-zstd,ingress-0-1316b.bin,decompress,1,131072,0.4088,362.5,3.63,3.73,3.82,1.000,0.000
sw-zstd,ingress-0-1316b.bin,compress,1,0,0.4088,203.5,6.47,6.71,6.72,1.001,0.000
sw-zstd,ingress-0-1316b.bin,decompress,1,0,0.4088,362.0,3.63,3.74,3.75,1.000,0.000
sw-zstd,ingress-0-1316b.bin,compress,3,8192,0.4271,191.0,6.86,7.13,7.67,1.001,0.000
sw-zstd,ingress-0-1316b.bin,decompress,3,8192,0.4271,355.1,3.67,4.15,4.74,1.000,0.000
sw-zstd,ingress-0-1316b.bin,compress,3,16384,0.4271,191.9,6.82,7.75,7.77,1.001,0.000
sw-zstd,ingress-0-1316b.bin,decompress,3,16384,0.4271,357.3,3.67,3.89,3.91,1.000,0.000
sw-zstd,ingress-0-1316b.bin,compress,3,32768,0.4271,191.7,6.83,7.44,8.45,1.001,0.000
sw-zstd,ingress-0-1316b.bin,decompress,3,32768,0.4271,355.2,3.68,3.96,4.66,1.000,0.000
sw-zstd,ingress-0-1316b.bin,compress,3,65536,0.4271,192.1,6.84,7.18,7.54,1.001,0.000
sw-zstd,ingress-0-1316b.bin,decompress,3,65536,0.4271,357.8,3.67,3.92,3.98,1.000,0.000
sw-zstd,ingress-0-1316b.bin,compress,3,131072,0.4271,191.8,6.83,7.26,7.66,1.001,0.000
sw-zstd,ingress-0-1316b.bin,decompress,3,131072,0.4271,357.5,3.67,3.81,3.81,1.000,0.000
sw-zstd,ingress-0-1316b.bin,compress,3,0,0.4271,191.9,6.83,7.62,7.90,1.001,0.000
sw-zstd,ingress-0-1316b.bin,decompress,3,0,0.4271,355.9,3.67,3.90,4.05,1.000,0.000
sw-zstd,ingress-0-1316b.bin,compress,6,8192,0.4081,96.6,13.60,14.20,14.47,1.001,0.000
sw-zstd,ingress-0-1316b.bin,decompress,6,8192,0.4081,380.1,3.46,3.56,3.57,1.000,0.000
sw-zstd,ingress-0-1316b.bin,compress,6,16384,0.4081,96.7,13.57,14.58,15.51,1.001,0.000
sw-zstd,ingress-0-1316b.bin,decompress,6,16384,0.4081,380.0,3.45,3.63,3.79,1.000,0.000
sw-zstd,ingress-0-1316b.bin,compress,6,32768,0.4081,96.8,13.55,15.37,15.54,1.001,0.000
sw-zstd,ingress-0-1316b.bin,decompress,6,32768,0.4081,379.6,3.46,3.65,3.66,1.000,0.000
sw-zstd,ingress-0-1316b.bin,compress,6,65536,0.4081,97.0,13.54,14.36,14.39,1.001,0.000
sw-zstd,ingress-0-1316b.bin,decompress,6,65536,0.4081,380.1,3.46,3.59,3.69,1.000,0.000
sw-zstd,ingress-0-1316b.bin,compress,6,131072,0.4081,97.1,13.54,14.17,14.48,1.001,0.000
sw-zstd,ingress-0-1316b.bin,decompress,6,131072,0.4081,380.0,3.45,3.57,3.69,1.000,0.000
sw-zstd,ingress-0-1316b.bin,compress,6,0,0.4081,96.7,13.58,15.34,15.42,1.001,0.000
sw-zstd,ingress-0-1316b.bin,decompress,6,0,0.4081,379.8,3.45,3.69,3.69,1.000,0.000
sw-zstd,ingress-0-1316b.bin,compress,9,8192,0.4081,36.4,36.11,38.28,38.41,1.000,0.000
sw-zstd,ingress-0-1316b.bin,decompress,9,8192,0.4081,381.5,3.44,3.69,3.72,1.000,0.000
sw-zstd,ingress-0-1316b.bin,compress,9,16384,0.4081,36.4,36.11,37.24,37.46,1.000,0.000
sw-zstd,ingress-0-1316b.bin,decompress,9,16384,0.4081,382.4,3.44,3.56,3.65,1.000,0.000
sw-zstd,ingress-0-1316b.bin,compress,9,32768,0.4081,36.5,36.02,38.88,40.44,1.000,0.000
sw-zstd,ingress-0-1316b.bin,decompress,9,32768,0.4081,381.9,3.44,3.63,3.68,1.000,0.000
sw-zstd,ingress-0-1316b.bin,compress,9,65536,0.4081,36.4,36.06,37.19,37.44,1.000,0.000
sw-zstd,ingress-0-1316b.bin,decompress,9,65536,0.4081,377.1,3.46,4.02,4.82,1.000,0.000
sw-zstd,ingress-0-1316b.bin,compress,9,131072,0.4081,36.4,36.09,37.18,37.34,1.000,0.000
sw-zstd,ingress-0-1316b.bin,decompress,9,131072,0.4081,379.8,3.45,3.67,3.69,1.000,0.000
sw-zstd,ingress-0-1316b.bin,compress,9,0,0.4081,36.4,36.07,38.09,38.27,1.000,0.000
sw-zstd,ingress-0-1316b.bin,decompress,9,0,0.4081,381.3,3.44,3.54,3.64,0.999,0.001
sw-zstd,ingress-5-258999b.bin,compress,1,8192,0.0149,2141.5,3.81,4.08,4.10,1.000,0.000
sw-zstd,ingress-5-258999b.bin,decompress,1,8192,0.0149,9507.6,0.81,1.13,1.14,1.001,0.000
sw-zstd,ingress-5-258999b.bin,compress,1,16384,0.0587,819.6,19.93,20.92,23.86,1.001,0.000
sw-zstd,ingress-5-258999b.bin,decompress,1,16384,0.0587,2225.8,7.32,8.19,8.23,1.000,0.000
sw-zstd,ingress-5-258999b.bin,compress,1,32768,0.0926,673.4,48.55,50.63,51.19,1.000,0.000
sw-zstd,ingress-5-258999b.bin,decompress,1,32768,0.0926,1392.1,23.45,24.59,25.80,1.000,0.000
sw-zstd,ingress-5-258999b.bin,compress,1,65536,0.1097,648.4,100.71,105.45,106.80,0.999,0.001
sw-zstd,ingress-5-258999b.bin,decompress,1,65536,0.1097,1253.1,52.23,53.15,53.41,1.000,0.000
sw-zstd,ingress-5-258999b.bin,compress,1,131072,0.1228,583.2,224.20,230.64,232.26,1.000,0.000
sw-zstd,ingress-5-258999b.bin,decompress,1,131072,0.1228,1058.2,123.71,125.86,126.22,1.000,0.000
sw-zstd,ingress-5-258999b.bin,compress,1,0,0.2372,715.7,361.19,370.94,374.16,1.000,0.000
sw-zstd,ingress-5-258999b.bin,decompress,1,0,0.2372,1250.0,206.88,211.39,212.34,1.000,0.000
sw-zstd,ingress-5-258999b.bin,compress,3,8192,0.0149,2111.2,3.87,4.07,4.16,1.002,0.000
sw-zstd,ingress-5-258999b.bin,decompress,3,8192,0.0149,9112.2,0.82,1.60,1.76,1.000,0.000
sw-zstd,ingress-5-258999b.bin,compress,3,16384,0.0587,809.2,20.21,21.67,22.12,1.001,0.000
sw-zstd,ingress-5-258999b.bin,decompress,3,16384,0.0587,2222.8,7.31,8.82,11.12,1.000,0.000
sw-zstd,ingress-5-258999b.bin,compress,3,32768,0.0927,727.5,44.62,48.11,48.24,1.000,0.000
sw-zstd,ingress-5-258999b.bin,decompress,3,32768,0.0927,1388.9,23.54,24.39,24.41,1.000,0.000
sw-zstd,ingress-5-258999b.bin,compress,3,65536,0.1098,634.1,102.25,110.70,113.20,1.000,0.000
sw-zstd,ingress-5-258999b.bin,decompress,3,65536,0.1098,1247.4,52.35,56.67,56.98,1.000,0.000
sw-zstd,ingress-5-258999b.bin,compress,3,131072,0.1228,563.0,231.09,243.77,244.21,1.000,0.000
sw-zstd,ingress-5-258999b.bin,decompress,3,131072,0.1228,1057.1,123.73,128.06,128.17,1.000,0.000
sw-zstd,ingress-5-258999b.bin,compress,3,0,0.2095,567.9,455.51,467.76,468.41,1.000,0.000
sw-zstd,ingress-5-258999b.bin,decompress,3,0,0.2095,1189.9,217.86,222.44,222.86,1.000,0.000
sw-zstd,ingress-5-258999b.bin,compress,6,8192,0.0149,1616.8,5.05,5.24,5.52,1.000,0.000
sw-zstd,ingress-5-258999b.bin,decompress,6,8192,0.0149,9175.7,0.82,1.14,1.15,1.000,0.000
sw-zstd,ingress-5-258999b.bin,compress,6,16384,0.0587,267.8,61.01,63.25,63.56,1.000,0.000
sw-zstd,ingress-5-258999b.bin,decompress,6,16384,0.0587,2210.9,7.32,8.64,11.16,1.000,0.000
sw-zstd,ingress-5-258999b.bin,compress,6,32768,0.0929,234.2,138.89,148.99,149.74,1.000,0.000
sw-zstd,ingress-5-258999b.bin,decompress,6,32768,0.0929,1383.0,23.54,27.28,28.68,1.000,0.000
sw-zstd,ingress-5-258999b.bin,compress,6,65536,0.1099,201.7,321.93,349.68,352.10,1.000,0.000
sw-zstd,ingress-5-258999b.bin,decompress,6,65536,0.1099,1247.9,52.39,56.54,56.67,1.000,0.000
sw-zstd,ingress-5-258999b.bin,compress,6,131072,0.1228,187.6,695.61,738.46,748.68,1.000,0.000
sw-zstd,ingress-5-258999b.bin,decompress,6,131072,0.1228,1058.2,123.73,125.72,125.79,1.000,0.000
sw-zstd,ingress-5-258999b.bin,compress,6,0,0.2377,236.2,1094.89,1131.21,1137.84,1.000,0.000
sw-zstd,ingress-5-258999b.bin,decompress,6,0,0.2377,1247.8,207.06,211.35,211.36,0.999,0.001
sw-zstd,ingress-5-258999b.bin,compress,9,8192,0.0149,1683.9,4.85,5.14,5.17,1.001,0.000
sw-zstd,ingress-5-258999b.bin,decompress,9,8192,0.0149,9246.3,0.81,1.15,1.15,1.001,0.000
sw-zstd,ingress-5-258999b.bin,compress,9,16384,0.0587,64.1,256.38,260.78,261.02,1.000,0.000
sw-zstd,ingress-5-258999b.bin,decompress,9,16384,0.0587,2204.1,7.32,8.21,12.03,1.000,0.000
sw-zstd,ingress-5-258999b.bin,compress,9,32768,0.0929,93.7,349.64,358.95,359.91,1.000,0.000
sw-zstd,ingress-5-258999b.bin,decompress,9,32768,0.0929,1387.0,23.52,26.32,28.71,1.000,0.000
sw-zstd,ingress-5-258999b.bin,compress,9,65536,0.1099,78.0,840.73,859.31,859.32,1.000,0.000
sw-zstd,ingress-5-258999b.bin,decompress,9,65536,0.1099,1248.1,52.35,56.50,56.56,1.000,0.000
sw-zstd,ingress-5-258999b.bin,compress,9,131072,0.1228,77.7,1690.08,1788.87,1804.96,1.000,0.000
sw-zstd,ingress-5-258999b.bin,decompress,9,131072,0.1228,1057.5,123.83,126.24,126.69,1.000,0.000
sw-zstd,ingress-5-258999b.bin,compress,9,0,0.2152,91.0,2849.85,2894.48,2911.09,1.000,0.000
sw-zstd,ingress-5-258999b.bin,decompress,9,0,0.2152,1151.7,225.24,228.45,229.97,1.000,0.000
sw-zstd,ingress-1-3781b.bin,compress,1,8192,0.3475,326.4,11.55,12.29,12.45,1.001,0.000
sw-zstd,ingress-1-3781b.bin,decompress,1,8192,0.3475,614.2,6.12,6.27,6.95,1.000,0.000
sw-zstd,ingress-1-3781b.bin,compress,1,16384,0.3475,326.8,11.54,12.39,12.42,1.001,0.000
sw-zstd,ingress-1-3781b.bin,decompress,1,16384,0.3475,614.3,6.13,6.54,6.96,1.000,0.000
sw-zstd,ingress-1-3781b.bin,compress,1,32768,0.3475,326.8,11.53,12.38,14.89,1.001,0.000
sw-zstd,ingress-1-3781b.bin,decompress,1,32768,0.3475,612.7,6.12,6.57,10.05,1.000,0.000
sw-zstd,ingress-1-3781b.bin,compress,1,65536,0.3475,326.2,11.52,15.57,16.09,1.001,0.000
sw-zstd,ingress-1-3781b.bin,decompress,1,65536,0.3475,614.7,6.13,6.33,6.45,1.000,0.000
sw-zstd,ingress-1-3781b.bin,compress,1,131072,0.3475,324.9,11.55,12.27,13.66,1.002,0.000
sw-zstd,ingress-1-3781b.bin,decompress,1,131072,0.3475,615.0,6.12,6.24,6.24,1.000,0.000
sw-zstd,ingress-1-3781b.bin,compress,1,0,0.3475,326.3,11.54,12.48,12.50,1.001,0.000
sw-zstd,ingress-1-3781b.bin,decompress,1,0,0.3475,613.0,6.13,7.05,7.58,1.000,0.000
sw-zstd,ingress-1-3781b.bin,compress,3,8192,0.3642,290.0,13.00,13.80,14.04,1.001,0.000
sw-zstd,ingress-1-3781b.bin,decompress,3,8192,0.3642,610.7,6.18,6.30,6.38,1.000,0.000
sw-zstd,ingress-1-3781b.bin,compress,3,16384,0.3642,290.5,12.99,13.52,13.89,1.001,0.000
sw-zstd,ingress-1-3781b.bin,decompress,3,16384,0.3642,608.9,6.18,6.33,6.94,1.000,0.000
sw-zstd,ingress-1-3781b.bin,compress,3,32768,0.3642,290.7,12.97,13.87,14.06,1.001,0.000
sw-zstd,ingress-1-3781b.bin,decompress,3,32768,0.3642,608.5,6.18,6.96,6.96,1.000,0.000
sw-zstd,ingress-1-3781b.bin,compress,3,65536,0.3642,290.9,12.96,13.81,13.93,1.001,0.000
sw-zstd,ingress-1-3781b.bin,decompress,3,65536,0.3642,611.1,6.18,6.39,6.75,1.000,0.000
sw-zstd,ingress-1-3781b.bin,compress,3,131072,0.3642,290.7,12.98,13.96,13.97,1.001,0.000
sw-zstd,ingress-1-3781b.bin,decompress,3,131072,0.3642,611.7,6.17,6.28,6.30,1.000,0.000
sw-zstd,ingress-1-3781b.bin,compress,3,0,0.3642,290.4,12.96,14.49,17.25,1.001,0.000
sw-zstd,ingress-1-3781b.bin,decompress,3,0,0.3642,608.1,6.18,7.43,8.29,1.000,0.000
sw-zstd,ingress-1-3781b.bin,compress,6,8192,0.3314,123.5,30.53,32.64,32.66,1.000,0.000
sw-zstd,ingress-1-3781b.bin,decompress,6,8192,0.3314,648.3,5.78,7.03,10.04,1.000,0.000
sw-zstd,ingress-1-3781b.bin,compress,6,16384,0.3314,124.1,30.47,31.29,31.44,1.000,0.000
sw-zstd,ingress-1-3781b.bin,decompress,6,16384,0.3314,652.8,5.78,5.91,5.92,1.000,0.000
sw-zstd,ingress-1-3781b.bin,compress,6,32768,0.3314,124.0,30.43,32.27,32.30,1.000,0.000
sw-zstd,ingress-1-3781b.bin,decompress,6,32768,0.3314,653.6,5.78,5.87,5.89,1.000,0.000
sw-zstd,ingress-1-3781b.bin,compress,6,65536,0.3314,123.9,30.45,31.94,32.13,1.000,0.000
sw-zstd,ingress-1-3781b.bin,decompress,6,65536,0.3314,654.2,5.78,5.87,5.88,1.000,0.000
sw-zstd,ingress-1-3781b.bin,compress,6,131072,0.3314,124.0,30.46,31.59,32.26,1.000,0.000
sw-zstd,ingress-1-3781b.bin,decompress,6,131072,0.3314,652.1,5.77,5.88,5.88,1.000,0.000
sw-zstd,ingress-1-3781b.bin,compress,6,0,0.3314,124.0,30.46,31.52,32.22,1.000,0.000
sw-zstd,ingress-1-3781b.bin,decompress,6,0,0.3314,653.7,5.77,5.98,6.56,1.000,0.000
sw-zstd,ingress-1-3781b.bin,compress,9,8192,0.3314,32.2,117.19,120.14,121.19,1.000,0.000
sw-zstd,ingress-1-3781b.bin,decompress,9,8192,0.3314,653.1,5.78,5.93,5.96,1.000,0.000
sw-zstd,ingress-1-3781b.bin,compress,9,16384,0.3314,32.3,117.20,119.53,120.11,1.000,0.000
sw-zstd,ingress-1-3781b.bin,decompress,9,16384,0.3314,653.4,5.78,5.86,5.88,1.000,0.000
sw-zstd,ingress-1-3781b.bin,compress,9,32768,0.3314,32.3,117.01,122.27,123.49,1.000,0.000
sw-zstd,ingress-1-3781b.bin,decompress,9,32768,0.3314,653.6,5.78,5.92,5.96,1.000,0.000
sw-zstd,ingress-1-3781b.bin,compress,9,65536,0.3314,32.3,117.16,119.46,119.52,1.000,0.000
sw-zstd,ingress-1-3781b.bin,decompress,9,65536,0.3314,653.1,5.78,5.92,5.94,1.000,0.000
sw-zstd,ingress-1-3781b.bin,compress,9,131072,0.3314,32.2,117.00,123.31,127.02,0.999,0.001
sw-zstd,ingress-1-3781b.bin,decompress,9,131072,0.3314,653.7,5.78,5.87,6.53,1.000,0.000
sw-zstd,ingress-1-3781b.bin,compress,9,0,0.3314,32.3,117.20,119.79,120.61,1.000,0.000
sw-zstd,ingress-1-3781b.bin,decompress,9,0,0.3314,653.0,5.78,5.88,5.88,1.000,0.000
sw-zstd,ingress-7-1292095b.bin,compress,1,8192,0.0150,2343.5,3.48,3.70,3.76,1.000,0.000
sw-zstd,ingress-7-1292095b.bin,decompress,1,8192,0.0150,13954.3,0.59,0.84,0.84,1.000,0.000
sw-zstd,ingress-7-1292095b.bin,compress,1,16384,0.0075,4369.2,3.73,3.94,3.98,1.001,0.000
sw-zstd,ingress-7-1292095b.bin,decompress,1,16384,0.0075,20240.2,0.80,1.04,1.04,1.000,0.000
sw-zstd,ingress-7-1292095b.bin,compress,1,32768,0.0038,7589.5,4.31,4.49,4.49,1.002,0.000
sw-zstd,ingress-7-1292095b.bin,decompress,1,32768,0.0038,26328.3,1.21,1.55,1.57,1.005,0.000
sw-zstd,ingress-7-1292095b.bin,compress,1,65536,0.0391,1840.1,35.55,36.92,37.15,1.001,0.000
sw-zstd,ingress-7-1292095b.bin,decompress,1,65536,0.0391,3144.9,20.79,22.55,22.99,1.001,0.000
sw-zstd,ingress-7-1292095b.bin,compress,1,131072,0.0845,845.1,154.64,160.48,160.64,1.000,0.000
sw-zstd,ingress-7-1292095b.bin,decompress,1,131072,0.0845,1717.4,76.20,78.34,78.36,1.000,0.000
sw-zstd,ingress-7-1292095b.bin,compress,1,0,0.2025,747.6,1727.70,1745.33,1746.04,1.000,0.000
sw-zstd,ingress-7-1292095b.bin,decompress,1,0,0.2025,1402.5,920.93,926.55,926.66,1.000,0.000
sw-zstd,ingress-7-1292095b.bin,compress,3,8192,0.0150,2283.6,3.54,3.73,3.86,1.002,0.000
sw-zstd,ingress-7-1292095b.bin,decompress,3,8192,0.0150,13820.9,0.59,0.85,0.89,1.000,0.000
sw-zstd,ingress-7-1292095b.bin,compress,3,16384,0.0075,4169.1,3.89,4.76,4.94,1.003,0.000
sw-zstd,ingress-7-1292095b.bin,decompress,3,16384,0.0075,20340.2,0.80,1.04,1.04,1.000,0.000
sw-zstd,ingress-7-1292095b.bin,compress,3,32768,0.0038,7547.6,4.33,4.56,4.60,1.002,0.000
sw-zstd,ingress-7-1292095b.bin,decompress,3,32768,0.0038,26917.7,1.21,1.46,1.46,1.001,0.000
sw-zstd,ingress-7-1292095b.bin,compress,3,65536,0.0511,1629.2,40.10,44.66,44.74,1.000,0.000
sw-zstd,ingress-7-1292095b.bin,decompress,3,65536,0.0511,3532.7,18.82,19.84,19.96,1.001,0.000
sw-zstd,ingress-7-1292095b.bin,compress,3,131072,0.1481,709.1,184.48,188.78,189.75,1.000,0.000
sw-zstd,ingress-7-1292095b.bin,decompress,3,131072,0.1481,1715.9,76.99,78.77,78.89,1.000,0.000
sw-zstd,ingress-7-1292095b.bin,compress,3,0,0.2308,550.2,2347.24,2371.83,2375.75,1.000,0.000
sw-zstd,ingress-7-1292095b.bin,decompress,3,0,0.2308,1409.6,918.61,927.05,929.40,1.000,0.000
sw-zstd,ingress-7-1292095b.bin,compress,6,8192,0.0150,1709.6,4.76,5.55,6.97,1.000,0.000
sw-zstd,ingress-7-1292095b.bin,decompress,6,8192,0.0150,13238.5,0.60,0.92,0.94,1.000,0.000
sw-zstd,ingress-7-1292095b.bin,compress,6,16384,0.0075,2870.9,5.67,5.87,5.92,1.001,0.000
sw-zstd,ingress-7-1292095b.bin,decompress,6,16384,0.0075,20478.3,0.80,1.04,1.13,1.000,0.000
sw-zstd,ingress-7-1292095b.bin,compress,6,32768,0.0038,5404.7,6.01,7.77,9.52,1.001,0.000
sw-zstd,ingress-7-1292095b.bin,decompress,6,32768,0.0038,26543.5,1.21,1.46,1.53,1.001,0.000
sw-zstd,ingress-7-1292095b.bin,compress,6,65536,0.0327,681.2,95.65,103.79,104.37,1.000,0.000
sw-zstd,ingress-7-1292095b.bin,decompress,6,65536,0.0327,3885.7,16.88,17.12,17.43,1.001,0.000
sw-zstd,ingress-7-1292095b.bin,compress,6,131072,0.0806,273.4,475.94,513.81,514.76,1.000,0.000
sw-zstd,ingress-7-1292095b.bin,decompress,6,131072,0.0806,1724.5,75.89,79.82,80.01,1.000,0.000
sw-zstd,ingress-7-1292095b.bin,compress,6,0,0.2038,214.6,6018.55,6120.98,6131.30,1.000,0.000
sw-zstd,ingress-7-1292095b.bin,decompress,6,0,0.2038,1348.7,957.99,964.27,964.42,1.000,0.000
sw-zstd,ingress-7-1292095b.bin,compress,9,8192,0.0150,1777.5,4.52,5.56,8.36,1.000,0.000
sw-zstd,ingress-7-1292095b.bin,decompress,9,8192,0.0150,14148.0,0.59,0.84,0.84,1.001,0.000
sw-zstd,ingress-7-1292095b.bin,compress,9,16384,0.0075,3364.3,4.82,5.63,8.09,1.001,0.000
sw-zstd,ingress-7-1292095b.bin,decompress,9,16384,0.0075,20262.4,0.80,1.04,1.04,1.000,0.000
sw-zstd,ingress-7-1292095b.bin,compress,9,32768,0.0038,4596.6,7.08,8.19,11.17,1.001,0.000
sw-zstd,ingress-7-1292095b.bin,decompress,9,32768,0.0038,27308.9,1.21,1.45,1.45,1.002,0.000
sw-zstd,ingress-7-1292095b.bin,compress,9,65536,0.0324,266.7,245.65,254.71,255.49,1.000,0.000
sw-zstd,ingress-7-1292095b.bin,decompress,9,65536,0.0324,3877.1,16.84,18.95,21.00,1.001,0.000
sw-zstd,ingress-7-1292095b.bin,compress,9,131072,0.0796,106.5,1232.91,1270.62,1273.69,1.000,0.000
sw-zstd,ingress-7-1292095b.bin,decompress,9,131072,0.0796,1722.6,75.88,80.48,80.71,1.000,0.000
sw-zstd,ingress-7-1292095b.bin,compress,9,0,0.2017,146.1,8840.15,9007.63,9013.92,1.000,0.000
sw-zstd,ingress-7-1292095b.bin,decompress,9,0,0.2017,1382.6,934.41,940.23,945.32,1.000,0.000
sw-zstd,egress-2-12553b.bin,compress,1,8192,0.1926,351.4,23.25,24.88,27.39,1.001,0.000
sw-zstd,egress-2-12553b.bin,decompress,1,8192,0.1926,725.1,11.24,12.24,14.07,1.000,0.000
sw-zstd,egress-2-12553b.bin,compress,1,16384,0.3180,420.1,29.82,31.21,33.61,1.001,0.000
sw-zstd,egress-2-12553b.bin,decompress,1,16384,0.3180,863.6,14.49,15.61,18.35,1.000,0.000
sw-zstd,egress-2-12553b.bin,compress,1,32768,0.3180,421.9,29.73,31.17,31.99,1.001,0.000
sw-zstd,egress-2-12553b.bin,decompress,1,32768,0.3180,865.9,14.47,16.35,16.44,1.000,0.000
sw-zstd,egress-2-12553b.bin,compress,1,65536,0.3180,420.8,29.71,33.93,34.46,1.001,0.000
sw-zstd,egress-2-12553b.bin,decompress,1,65536,0.3180,865.4,14.47,15.24,15.29,1.000,0.000
sw-zstd,egress-2-12553b.bin,compress,1,131072,0.3180,419.4,29.73,34.71,35.34,1.001,0.000
sw-zstd,egress-2-12553b.bin,decompress,1,131072,0.3180,862.4,14.47,17.79,18.28,1.000,0.000
sw-zstd,egress-2-12553b.bin,compress,1,0,0.3180,421.2,29.77,31.02,31.05,1.001,0.000
sw-zstd,egress-2-12553b.bin,decompress,1,0,0.3180,866.3,14.47,15.33,15.35,1.000,0.000
sw-zstd,egress-2-12553b.bin,compress,3,8192,0.2120,344.1,23.77,24.59,24.63,1.001,0.000
sw-zstd,egress-2-12553b.bin,decompress,3,8192,0.2120,801.7,10.23,11.15,13.62,1.000,0.000
sw-zstd,egress-2-12553b.bin,compress,3,16384,0.3496,344.4,36.36,38.07,38.20,1.001,0.000
sw-zstd,egress-2-12553b.bin,decompress,3,16384,0.3496,889.6,14.10,15.20,15.28,1.000,0.000
sw-zstd,egress-2-12553b.bin,compress,3,32768,0.3496,346.1,36.20,37.43,37.49,1.001,0.000
sw-zstd,egress-2-12553b.bin,decompress,3,32768,0.3496,883.4,14.21,14.87,14.90,1.000,0.000
sw-zstd,egress-2-12553b.bin,compress,3,65536,0.3496,346.4,36.11,39.88,40.71,1.001,0.000
sw-zstd,egress-2-12553b.bin,decompress,3,65536,0.3496,886.6,14.07,18.51,18.91,1.000,0.000
sw-zstd,egress-2-12553b.bin,compress,3,131072,0.3496,346.0,36.13,41.29,41.55,1.001,0.000
sw-zstd,egress-2-12553b.bin,decompress,3,131072,0.3496,880.5,14.22,14.88,18.09,1.000,0.000
sw-zstd,egress-2-12553b.bin,compress,3,0,0.3496,346.4,36.20,37.29,37.51,1.001,0.000
sw-zstd,egress-2-12553b.bin,decompress,3,0,0.3496,879.7,14.24,15.12,18.04,1.000,0.000
sw-zstd,egress-2-12553b.bin,compress,6,8192,0.1637,127.1,64.31,66.61,66.73,1.000,0.000
sw-zstd,egress-2-12553b.bin,decompress,6,8192,0.1637,1000.5,8.17,8.31,9.82,1.000,0.000
sw-zstd,egress-2-12553b.bin,compress,6,16384,0.3083,130.4,96.08,99.34,99.69,1.000,0.000
sw-zstd,egress-2-12553b.bin,decompress,6,16384,0.3083,867.5,14.46,15.20,15.23,1.000,0.000
sw-zstd,egress-2-12553b.bin,compress,6,32768,0.3083,130.7,95.93,100.97,101.83,1.000,0.000
sw-zstd,egress-2-12553b.bin,decompress,6,32768,0.3083,865.8,14.47,15.24,15.25,1.000,0.000
sw-zstd,egress-2-12553b.bin,compress,6,65536,0.3083,130.8,95.78,100.23,101.42,1.000,0.000
sw-zstd,egress-2-12553b.bin,decompress,6,65536,0.3083,866.3,14.46,15.24,15.30,1.000,0.000
sw-zstd,egress-2-12553b.bin,compress,6,131072,0.3083,131.0,95.71,98.74,99.41,1.000,0.000
sw-zstd,egress-2-12553b.bin,decompress,6,131072,0.3083,865.3,14.46,16.24,16.42,1.000,0.000
sw-zstd,egress-2-12553b.bin,compress,6,0,0.3083,130.9,95.67,101.69,102.11,1.000,0.000
sw-zstd,egress-2-12553b.bin,decompress,6,0,0.3083,865.1,14.46,15.33,18.55,1.000,0.000
sw-zstd,egress-2-12553b.bin,compress,9,8192,0.1637,24.7,331.48,338.89,340.38,1.000,0.000
sw-zstd,egress-2-12553b.bin,decompress,9,8192,0.1637,1002.4,8.16,8.26,9.00,1.000,0.000
sw-zstd,egress-2-12553b.bin,compress,9,16384,0.3083,31.5,398.02,406.55,407.80,1.000,0.000
sw-zstd,egress-2-12553b.bin,decompress,9,16384,0.3083,866.0,14.48,15.22,15.25,1.000,0.000
sw-zstd,egress-2-12553b.bin,compress,9,32768,0.3083,31.5,398.12,406.48,408.99,1.000,0.000
sw-zstd,egress-2-12553b.bin,decompress,9,32768,0.3083,865.4,14.45,14.61,19.30,1.000,0.000
sw-zstd,egress-2-12553b.bin,compress,9,65536,0.3083,31.5,397.88,407.87,418.43,0.999,0.001
sw-zstd,egress-2-12553b.bin,decompress,9,65536,0.3083,866.6,14.47,15.19,15.21,1.000,0.000
sw-zstd,egress-2-12553b.bin,compress,9,131072,0.3083,31.5,397.61,408.00,408.54,1.000,0.000
sw-zstd,egress-2-12553b.bin,decompress,9,131072,0.3083,865.5,14.49,15.32,15.32,1.000,0.000
sw-zstd,egress-2-12553b.bin,compress,9,0,0.3083,31.6,397.13,405.50,405.56,1.000,0.000
sw-zstd,egress-2-12553b.bin,decompress,9,0,0.3083,867.8,14.45,15.28,15.40,1.000,0.000
sw-zstd,egress-7-423691b.bin,compress,1,8192,0.1497,427.0,19.11,21.88,23.09,1.001,0.000
sw-zstd,egress-7-423691b.bin,decompress,1,8192,0.1497,838.2,9.72,11.10,12.66,1.000,0.000
sw-zstd,egress-7-423691b.bin,compress,1,16384,0.1451,509.5,32.11,33.85,33.92,1.001,0.000
sw-zstd,egress-7-423691b.bin,decompress,1,16384,0.1451,888.2,18.41,19.18,19.97,1.000,0.000
sw-zstd,egress-7-423691b.bin,compress,1,32768,0.1400,524.3,62.40,64.47,64.52,1.000,0.000
sw-zstd,egress-7-423691b.bin,decompress,1,32768,0.1400,1073.0,30.48,32.05,32.73,1.000,0.000
sw-zstd,egress-7-423691b.bin,compress,1,65536,0.1342,539.3,121.36,123.28,123.40,1.000,0.000
sw-zstd,egress-7-423691b.bin,decompress,1,65536,0.1342,1098.7,59.45,63.79,66.07,1.000,0.000
sw-zstd,egress-7-423691b.bin,compress,1,131072,0.1309,537.9,243.45,246.52,247.83,1.000,0.000
sw-zstd,egress-7-423691b.bin,decompress,1,131072,0.1309,1113.3,117.44,122.26,122.34,1.000,0.000
sw-zstd,egress-7-423691b.bin,compress,1,0,0.2324,712.2,594.27,602.49,605.16,1.000,0.000
sw-zstd,egress-7-423691b.bin,decompress,1,0,0.2324,1328.4,318.50,323.84,323.88,1.000,0.000
sw-zstd,egress-7-423691b.bin,compress,3,8192,0.1649,404.1,20.20,21.71,24.69,1.001,0.000
sw-zstd,egress-7-423691b.bin,decompress,3,8192,0.1649,1004.3,8.21,8.48,8.51,1.000,0.000
sw-zstd,egress-7-423691b.bin,compress,3,16384,0.1920,446.4,36.61,37.76,40.82,1.001,0.000
sw-zstd,egress-7-423691b.bin,decompress,3,16384,0.1920,1016.3,16.23,16.69,17.05,1.000,0.000
sw-zstd,egress-7-423691b.bin,compress,3,32768,0.2122,455.4,71.84,74.14,74.44,1.000,0.000
sw-zstd,egress-7-423691b.bin,decompress,3,32768,0.2122,1047.7,31.50,32.30,32.64,1.000,0.000
sw-zstd,egress-7-423691b.bin,compress,3,65536,0.2287,460.7,141.79,147.67,147.68,1.000,0.000
sw-zstd,egress-7-423691b.bin,decompress,3,65536,0.2287,1111.7,59.74,61.92,62.27,1.000,0.000
sw-zstd,egress-7-423691b.bin,compress,3,131072,0.2403,446.5,293.17,301.56,301.62,1.000,0.000
sw-zstd,egress-7-423691b.bin,decompress,3,131072,0.2403,1123.8,117.45,119.53,119.55,1.000,0.000
sw-zstd,egress-7-423691b.bin,compress,3,0,0.2681,525.8,804.48,823.22,823.85,1.000,0.000
sw-zstd,egress-7-423691b.bin,decompress,3,0,0.2681,1317.2,322.09,327.61,327.81,1.000,0.000
sw-zstd,egress-7-423691b.bin,compress,6,8192,0.1096,151.0,54.12,56.60,56.98,1.000,0.000
sw-zstd,egress-7-423691b.bin,decompress,6,8192,0.1096,1221.4,6.67,6.93,8.51,1.000,0.000
sw-zstd,egress-7-423691b.bin,compress,6,16384,0.1182,151.3,107.96,110.85,111.22,1.000,0.000
sw-zstd,egress-7-423691b.bin,decompress,6,16384,0.1182,1120.1,14.60,15.34,15.39,1.000,0.000
sw-zstd,egress-7-423691b.bin,compress,6,32768,0.1239,181.6,178.99,191.54,192.18,1.000,0.000
sw-zstd,egress-7-423691b.bin,decompress,6,32768,0.1239,1080.8,30.26,31.13,31.20,1.000,0.000
sw-zstd,egress-7-423691b.bin,compress,6,65536,0.1262,177.5,365.32,398.53,401.19,1.000,0.000
sw-zstd,egress-7-423691b.bin,decompress,6,65536,0.1262,1101.4,59.17,64.43,64.50,0.998,0.002
sw-zstd,egress-7-423691b.bin,compress,6,131072,0.1274,173.7,747.54,819.34,828.58,1.000,0.000
sw-zstd,egress-7-423691b.bin,decompress,6,131072,0.1274,1118.2,117.10,118.42,118.56,1.000,0.000
sw-zstd,egress-7-423691b.bin,compress,6,0,0.2307,194.9,2167.75,2241.03,2254.38,1.000,0.000
sw-zstd,egress-7-423691b.bin,decompress,6,0,0.2307,1290.0,328.32,332.06,335.14,1.000,0.000
sw-zstd,egress-7-423691b.bin,compress,9,8192,0.1096,24.7,330.79,345.91,347.15,1.000,0.000
sw-zstd,egress-7-423691b.bin,decompress,9,8192,0.1096,1230.8,6.64,6.72,6.80,1.000,0.000
sw-zstd,egress-7-423691b.bin,compress,9,16384,0.1182,21.7,753.83,768.71,770.76,1.000,0.000
sw-zstd,egress-7-423691b.bin,decompress,9,16384,0.1182,1120.0,14.60,15.35,15.35,1.000,0.000
sw-zstd,egress-7-423691b.bin,compress,9,32768,0.1227,71.9,455.68,475.91,478.73,1.000,0.000
sw-zstd,egress-7-423691b.bin,decompress,9,32768,0.1227,1080.6,30.28,31.09,31.22,1.000,0.000
sw-zstd,egress-7-423691b.bin,compress,9,65536,0.1248,69.9,936.48,982.97,1007.38,1.000,0.000
sw-zstd,egress-7-423691b.bin,decompress,9,65536,0.1248,1103.6,59.25,63.49,63.57,1.000,0.000
sw-zstd,egress-7-423691b.bin,compress,9,131072,0.1258,68.9,1901.84,1966.86,1981.88,1.000,0.000
sw-zstd,egress-7-423691b.bin,decompress,9,131072,0.1258,1116.8,117.23,119.27,119.46,1.000,0.000
sw-zstd,egress-7-423691b.bin,compress,9,0,0.2301,135.3,3129.38,3195.70,3234.92,1.000,0.000
sw-zstd,egress-7-423691b.bin,decompress,9,0,0.2301,1290.2,328.08,333.12,334.07,1.000,0.000
sw-zstd,egress-5-206881b.bin,compress,1,8192,0.1677,380.6,21.47,23.60,23.71,1.001,0.000
sw-zstd,egress-5-206881b.bin,decompress,1,8192,0.1677,770.3,10.59,12.19,12.46,1.000,0.000
sw-zstd,egress-5-206881b.bin,compress,1,16384,0.1537,478.8,33.93,35.79,38.05,0.994,0.006
sw-zstd,egress-5-206881b.bin,decompress,1,16384,0.1537,847.9,19.28,20.06,20.06,1.000,0.000
sw-zstd,egress-5-206881b.bin,compress,1,32768,0.1441,495.3,66.02,69.28,71.02,1.000,0.000
sw-zstd,egress-5-206881b.bin,decompress,1,32768,0.1441,1046.1,31.28,32.31,32.71,1.000,0.000
sw-zstd,egress-5-206881b.bin,compress,1,65536,0.1375,513.9,127.34,129.82,129.97,1.000,0.000
sw-zstd,egress-5-206881b.bin,decompress,1,65536,0.1375,1085.3,60.33,61.68,62.62,1.000,0.000
sw-zstd,egress-5-206881b.bin,compress,1,131072,0.1732,547.0,239.29,244.62,244.98,1.000,0.000
sw-zstd,egress-5-206881b.bin,decompress,1,131072,0.1732,977.3,133.79,139.44,139.63,1.000,0.000
sw-zstd,egress-5-206881b.bin,compress,1,0,0.2703,659.2,313.29,319.31,319.89,1.000,0.000
sw-zstd,egress-5-206881b.bin,decompress,1,0,0.2703,1195.8,172.55,176.86,180.16,0.999,0.001
sw-zstd,egress-5-206881b.bin,compress,3,8192,0.1957,365.6,22.37,23.28,23.51,1.001,0.000
sw-zstd,egress-5-206881b.bin,decompress,3,8192,0.1957,914.1,9.01,10.10,12.52,1.000,0.000
sw-zstd,egress-5-206881b.bin,compress,3,16384,0.2070,408.9,39.99,40.94,41.70,1.001,0.000
sw-zstd,egress-5-206881b.bin,decompress,3,16384,0.2070,985.5,16.89,18.62,18.64,1.000,0.000
sw-zstd,egress-5-206881b.bin,compress,3,32768,0.2201,439.9,74.23,78.89,78.98,1.000,0.000
sw-zstd,egress-5-206881b.bin,decompress,3,32768,0.2201,1022.1,32.28,34.64,36.04,1.000,0.000
sw-zstd,egress-5-206881b.bin,compress,3,65536,0.2336,453.1,144.22,148.78,149.16,1.000,0.000
sw-zstd,egress-5-206881b.bin,decompress,3,65536,0.2336,1095.0,60.50,61.48,61.72,1.000,0.000
sw-zstd,egress-5-206881b.bin,compress,3,131072,0.2214,466.8,279.73,291.82,293.61,1.000,0.000
sw-zstd,egress-5-206881b.bin,decompress,3,131072,0.2214,1041.9,126.22,127.78,127.79,1.000,0.000
sw-zstd,egress-5-206881b.bin,compress,3,0,0.2606,491.0,421.26,428.56,433.59,1.000,0.000
sw-zstd,egress-5-206881b.bin,decompress,3,0,0.2606,1159.8,179.09,183.17,183.19,1.000,0.000
sw-zstd,egress-5-206881b.bin,compress,6,8192,0.1260,134.3,60.84,63.20,63.32,1.000,0.000
sw-zstd,egress-5-206881b.bin,decompress,6,8192,0.1260,1083.3,7.56,7.64,7.67,1.001,0.000
sw-zstd,egress-5-206881b.bin,compress,6,16384,0.1263,142.6,114.60,118.12,118.56,1.000,0.000
sw-zstd,egress-5-206881b.bin,decompress,6,16384,0.1263,1056.7,15.48,17.28,17.29,1.000,0.000
sw-zstd,egress-5-206881b.bin,compress,6,32768,0.1281,176.1,184.32,198.80,199.60,1.000,0.000
sw-zstd,egress-5-206881b.bin,decompress,6,32768,0.1281,1052.2,31.06,32.91,33.10,1.000,0.000
sw-zstd,egress-5-206881b.bin,compress,6,65536,0.1301,175.1,370.85,403.21,405.03,1.000,0.000
sw-zstd,egress-5-206881b.bin,decompress,6,65536,0.1301,1090.4,60.04,61.03,61.15,1.000,0.000
sw-zstd,egress-5-206881b.bin,compress,6,131072,0.1735,170.1,768.04,813.05,814.40,1.000,0.000
sw-zstd,egress-5-206881b.bin,decompress,6,131072,0.1735,981.8,133.23,135.00,144.76,0.999,0.001
sw-zstd,egress-5-206881b.bin,compress,6,0,0.2676,195.4,1056.10,1096.58,1098.10,1.000,0.000
sw-zstd,egress-5-206881b.bin,decompress,6,0,0.2676,1166.8,177.24,179.21,179.23,1.000,0.000
sw-zstd,egress-5-206881b.bin,compress,9,8192,0.1260,21.1,386.87,396.01,396.06,1.000,0.000
sw-zstd,egress-5-206881b.bin,decompress,9,8192,0.1260,1079.9,7.57,7.65,9.46,1.000,0.000
sw-zstd,egress-5-206881b.bin,compress,9,16384,0.1263,20.2,811.93,824.80,826.73,1.000,0.000
sw-zstd,egress-5-206881b.bin,decompress,9,16384,0.1263,1057.9,15.48,16.20,16.30,1.000,0.000
sw-zstd,egress-5-206881b.bin,compress,9,32768,0.1267,69.5,470.84,487.78,490.96,1.000,0.000
sw-zstd,egress-5-206881b.bin,decompress,9,32768,0.1267,1052.4,31.11,31.96,32.08,1.000,0.000
sw-zstd,egress-5-206881b.bin,compress,9,65536,0.1283,69.1,943.97,992.90,1032.01,1.000,0.000
sw-zstd,egress-5-206881b.bin,decompress,9,65536,0.1283,1089.6,60.12,60.91,60.94,1.000,0.000
sw-zstd,egress-5-206881b.bin,compress,9,131072,0.1719,68.3,1919.14,1966.40,2042.07,1.000,0.000
sw-zstd,egress-5-206881b.bin,decompress,9,131072,0.1719,982.4,133.26,135.86,136.16,1.000,0.000
sw-zstd,egress-5-206881b.bin,compress,9,0,0.2376,81.8,2529.96,2569.38,2573.08,1.000,0.000
sw-zstd,egress-5-206881b.bin,decompress,9,0,0.2376,1104.1,187.53,189.29,189.69,1.000,0.000
sw-zstd,egress-4-93392b.bin,compress,1,8192,0.1282,360.9,22.66,24.43,24.71,1.001,0.000
sw-zstd,egress-4-93392b.bin,decompress,1,8192,0.1282,1025.1,7.96,8.84,9.78,1.000,0.000
sw-zstd,egress-4-93392b.bin,compress,1,16384,0.1275,531.5,30.75,31.65,33.30,1.001,0.000
sw-zstd,egress-4-93392b.bin,decompress,1,16384,0.1275,1027.4,15.91,16.72,17.92,1.000,0.000
sw-zstd,egress-4-93392b.bin,compress,1,32768,0.1389,480.2,68.11,71.22,72.46,1.000,0.000
sw-zstd,egress-4-93392b.bin,decompress,1,32768,0.1389,1027.5,31.58,32.66,35.70,0.993,0.007
sw-zstd,egress-4-93392b.bin,compress,1,65536,0.1707,566.1,115.52,119.64,120.02,1.000,0.000
sw-zstd,egress-4-93392b.bin,decompress,1,65536,0.1707,917.3,71.36,73.24,73.26,1.000,0.000
sw-zstd,egress-4-93392b.bin,compress,1,131072,0.3190,670.9,138.84,144.96,145.10,1.000,0.000
sw-zstd,egress-4-93392b.bin,decompress,1,131072,0.3190,1007.5,92.63,93.57,93.64,1.000,0.000
sw-zstd,egress-4-93392b.bin,compress,1,0,0.3190,669.3,138.84,146.32,146.67,1.000,0.000
sw-zstd,egress-4-93392b.bin,decompress,1,0,0.3190,1007.3,92.65,93.57,93.62,1.000,0.000
sw-zstd,egress-4-93392b.bin,compress,3,8192,0.1282,359.2,22.75,24.40,27.20,1.001,0.000
sw-zstd,egress-4-93392b.bin,decompress,3,8192,0.1282,1025.4,7.97,8.29,9.29,1.000,0.000
sw-zstd,egress-4-93392b.bin,compress,3,16384,0.1275,520.8,31.41,33.43,33.55,1.001,0.000
sw-zstd,egress-4-93392b.bin,decompress,3,16384,0.1275,1029.0,15.90,16.89,16.90,1.000,0.000
sw-zstd,egress-4-93392b.bin,compress,3,32768,0.1389,470.1,69.42,72.01,72.08,1.000,0.000
sw-zstd,egress-4-93392b.bin,decompress,3,32768,0.1389,1037.3,31.56,32.34,32.39,1.000,0.000
sw-zstd,egress-4-93392b.bin,compress,3,65536,0.1710,530.5,122.99,129.91,131.03,1.000,0.000
sw-zstd,egress-4-93392b.bin,decompress,3,65536,0.1710,917.2,71.36,73.25,73.42,1.000,0.000
sw-zstd,egress-4-93392b.bin,compress,3,131072,0.3256,366.7,254.35,260.62,261.05,1.000,0.000
sw-zstd,egress-4-93392b.bin,decompress,3,131072,0.3256,993.5,93.97,95.04,95.25,1.000,0.000
sw-zstd,egress-4-93392b.bin,compress,3,0,0.3256,365.9,254.68,263.01,263.47,1.000,0.000
sw-zstd,egress-4-93392b.bin,decompress,3,0,0.3256,993.0,93.98,96.06,96.08,1.000,0.000
sw-zstd,egress-4-93392b.bin,compress,6,8192,0.1278,126.8,64.48,65.84,67.83,1.000,0.000
sw-zstd,egress-4-93392b.bin,decompress,6,8192,0.1278,1021.3,7.99,8.07,8.77,1.000,0.000
sw-zstd,egress-4-93392b.bin,compress,6,16384,0.1272,138.8,117.66,121.75,121.88,1.000,0.000
sw-zstd,egress-4-93392b.bin,decompress,6,16384,0.1272,1026.4,15.89,17.97,19.57,1.000,0.000
sw-zstd,egress-4-93392b.bin,compress,6,32768,0.1389,169.3,191.94,205.40,233.16,1.000,0.000
sw-zstd,egress-4-93392b.bin,decompress,6,32768,0.1389,1033.0,31.56,35.88,36.94,1.000,0.000
sw-zstd,egress-4-93392b.bin,compress,6,65536,0.1779,180.9,360.32,381.86,383.43,1.000,0.000
sw-zstd,egress-4-93392b.bin,decompress,6,65536,0.1779,993.7,65.89,67.80,67.81,1.000,0.000
sw-zstd,egress-4-93392b.bin,compress,6,131072,0.2733,153.9,605.52,628.68,631.70,1.000,0.000
sw-zstd,egress-4-93392b.bin,decompress,6,131072,0.2733,981.9,95.40,96.23,96.52,1.000,0.000
sw-zstd,egress-4-93392b.bin,compress,6,0,0.2733,154.3,603.74,625.39,626.91,1.000,0.000
sw-zstd,egress-4-93392b.bin,decompress,6,0,0.2733,981.4,95.35,96.75,96.86,1.000,0.000
sw-zstd,egress-4-93392b.bin,compress,9,8192,0.1278,22.8,360.07,365.23,365.88,1.000,0.000
sw-zstd,egress-4-93392b.bin,decompress,9,8192,0.1278,1018.2,8.00,8.83,12.23,1.000,0.000
sw-zstd,egress-4-93392b.bin,compress,9,16384,0.1272,21.9,747.78,762.05,769.22,1.000,0.000
sw-zstd,egress-4-93392b.bin,decompress,9,16384,0.1272,1030.3,15.89,16.69,16.98,1.000,0.000
sw-zstd,egress-4-93392b.bin,compress,9,32768,0.1389,68.0,482.26,501.23,502.17,1.000,0.000
sw-zstd,egress-4-93392b.bin,decompress,9,32768,0.1389,1037.4,31.57,32.43,32.57,1.000,0.000
sw-zstd,egress-4-93392b.bin,compress,9,65536,0.1778,77.6,846.82,865.18,866.19,1.000,0.000
sw-zstd,egress-4-93392b.bin,decompress,9,65536,0.1778,994.5,65.85,66.83,68.89,1.000,0.000
sw-zstd,egress-4-93392b.bin,compress,9,131072,0.2720,79.4,1176.76,1197.50,1199.10,1.000,0.000
sw-zstd,egress-4-93392b.bin,decompress,9,131072,0.2720,988.9,94.50,98.36,99.25,1.000,0.000
sw-zstd,egress-4-93392b.bin,compress,9,0,0.2720,79.5,1176.45,1193.19,1194.88,1.000,0.000
sw-zstd,egress-4-93392b.bin,decompress,9,0,0.2720,989.2,94.67,95.69,95.79,1.000,0.000
sw-zstd,egress-0-1294b.bin,compress,1,8192,0.4019,200.2,6.45,6.73,7.38,1.000,0.000
sw-zstd,egress-0-1294b.bin,decompress,1,8192,0.4019,352.8,3.66,3.78,3.79,1.000,0.000
sw-zstd,egress-0-1294b.bin,compress,1,16384,0.4019,200.9,6.44,6.72,6.76,1.000,0.000
sw-zstd,egress-0-1294b.bin,decompress,1,16384,0.4019,353.4,3.66,3.77,3.78,1.000,0.000
sw-zstd,egress-0-1294b.bin,compress,1,32768,0.4019,199.8,6.46,6.74,6.75,1.001,0.000
sw-zstd,egress-0-1294b.bin,decompress,1,32768,0.4019,353.0,3.66,3.84,3.87,1.000,0.000
sw-zstd,egress-0-1294b.bin,compress,1,65536,0.4019,199.9,6.45,6.78,8.40,1.000,0.000
sw-zstd,egress-0-1294b.bin,decompress,1,65536,0.4019,351.7,3.66,3.89,3.90,1.000,0.000
sw-zstd,egress-0-1294b.bin,compress,1,131072,0.4019,200.7,6.44,6.68,6.68,1.000,0.000
sw-zstd,egress-0-1294b.bin,decompress,1,131072,0.4019,352.3,3.66,3.76,3.77,1.000,0.000
sw-zstd,egress-0-1294b.bin,compress,1,0,0.4019,200.0,6.44,6.95,7.72,1.000,0.000
sw-zstd,egress-0-1294b.bin,decompress,1,0,0.4019,353.8,3.65,3.81,3.85,1.000,0.000
sw-zstd,egress-0-1294b.bin,compress,3,8192,0.4227,189.1,6.79,7.84,11.28,1.001,0.000
sw-zstd,egress-0-1294b.bin,decompress,3,8192,0.4227,356.3,3.60,3.91,4.54,1.000,0.000
sw-zstd,egress-0-1294b.bin,compress,3,16384,0.4227,190.3,6.77,7.63,7.64,1.001,0.000
sw-zstd,egress-0-1294b.bin,decompress,3,16384,0.4227,355.9,3.60,4.12,4.45,1.000,0.000
sw-zstd,egress-0-1294b.bin,compress,3,32768,0.4227,190.0,6.77,7.53,7.63,1.001,0.000
sw-zstd,egress-0-1294b.bin,decompress,3,32768,0.4227,358.9,3.59,3.79,3.95,1.000,0.000
sw-zstd,egress-0-1294b.bin,compress,3,65536,0.4227,189.7,6.76,9.01,10.65,1.001,0.000
sw-zstd,egress-0-1294b.bin,decompress,3,65536,0.4227,358.2,3.60,3.81,3.81,1.000,0.000
sw-zstd,egress-0-1294b.bin,compress,3,131072,0.4227,190.5,6.79,7.08,7.09,1.001,0.000
sw-zstd,egress-0-1294b.bin,decompress,3,131072,0.4227,357.1,3.60,3.81,3.83,1.000,0.000
sw-zstd,egress-0-1294b.bin,compress,3,0,0.4227,190.4,6.78,7.11,7.20,1.001,0.000
sw-zstd,egress-0-1294b.bin,decompress,3,0,0.4227,357.9,3.60,3.90,3.97,1.000,0.000
sw-zstd,egress-0-1294b.bin,compress,6,8192,0.3980,95.7,13.42,14.40,14.77,0.996,0.004
sw-zstd,egress-0-1294b.bin,decompress,6,8192,0.3980,381.7,3.38,3.65,3.70,1.000,0.000
sw-zstd,egress-0-1294b.bin,compress,6,16384,0.3980,96.4,13.38,14.17,14.25,1.001,0.000
sw-zstd,egress-0-1294b.bin,decompress,6,16384,0.3980,382.5,3.38,3.57,3.59,1.000,0.000
sw-zstd,egress-0-1294b.bin,compress,6,32768,0.3980,96.3,13.38,14.20,17.81,1.001,0.000
sw-zstd,egress-0-1294b.bin,decompress,6,32768,0.3980,382.2,3.39,3.48,3.52,1.000,0.000
sw-zstd,egress-0-1294b.bin,compress,6,65536,0.3980,96.5,13.39,14.18,14.18,1.001,0.000
sw-zstd,egress-0-1294b.bin,decompress,6,65536,0.3980,381.6,3.38,3.68,3.77,1.000,0.000
sw-zstd,egress-0-1294b.bin,compress,6,131072,0.3980,96.4,13.39,14.13,14.28,1.001,0.000
sw-zstd,egress-0-1294b.bin,decompress,6,131072,0.3980,379.4,3.39,3.57,3.60,1.000,0.000
sw-zstd,egress-0-1294b.bin,compress,6,0,0.3980,96.5,13.37,14.30,14.35,1.001,0.000
sw-zstd,egress-0-1294b.bin,decompress,6,0,0.3980,382.3,3.38,3.50,3.58,1.000,0.000
sw-zstd,egress-0-1294b.bin,compress,9,8192,0.3980,35.4,36.43,38.63,40.73,1.000,0.000
sw-zstd,egress-0-1294b.bin,decompress,9,8192,0.3980,382.0,3.38,3.58,3.66,1.000,0.000
sw-zstd,egress-0-1294b.bin,compress,9,16384,0.3980,35.5,36.41,37.63,37.63,1.000,0.000
sw-zstd,egress-0-1294b.bin,decompress,9,16384,0.3980,382.5,3.37,3.59,3.61,1.000,0.000
sw-zstd,egress-0-1294b.bin,compress,9,32768,0.3980,35.5,36.39,38.41,38.51,1.000,0.000
sw-zstd,egress-0-1294b.bin,decompress,9,32768,0.3980,381.2,3.39,3.59,3.62,1.000,0.000
sw-zstd,egress-0-1294b.bin,compress,9,65536,0.3980,35.5,36.36,37.60,37.62,1.000,0.000
sw-zstd,egress-0-1294b.bin,decompress,9,65536,0.3980,382.1,3.38,3.55,3.58,1.000,0.000
sw-zstd,egress-0-1294b.bin,compress,9,131072,0.3980,35.5,36.37,40.73,41.02,1.000,0.000
sw-zstd,egress-0-1294b.bin,decompress,9,131072,0.3980,382.9,3.38,3.49,3.52,1.000,0.000
sw-zstd,egress-0-1294b.bin,compress,9,0,0.3980,35.5,36.34,38.56,38.57,1.000,0.000
sw-zstd,egress-0-1294b.bin,decompress,9,0,0.3980,382.8,3.38,3.61,3.63,1.000,0.000
sw-deflate,ingress-6-517074b.bin,compress,1,8192,0.0170,877.6,9.31,9.55,11.21,1.001,0.000
sw-deflate,ingress-6-517074b.bin,decompress,1,8192,0.0170,704.2,11.56,13.15,16.00,1.000,0.000
sw-deflate,ingress-6-517074b.bin,compress,1,16384,0.0095,1124.6,14.56,15.43,15.46,1.001,0.000
sw-deflate,ingress-6-517074b.bin,decompress,1,16384,0.0095,759.0,21.55,22.32,22.37,1.000,0.000
sw-deflate,ingress-6-517074b.bin,compress,1,32768,0.0942,805.7,40.46,45.30,45.51,1.000,0.000
sw-deflate,ingress-6-517074b.bin,decompress,1,32768,0.0942,1829.9,17.69,19.37,23.41,1.000,0.000
sw-deflate,ingress-6-517074b.bin,compress,1,65536,0.1448,655.8,99.92,101.12,101.19,1.000,0.000
sw-deflate,ingress-6-517074b.bin,decompress,1,65536,0.1448,1295.7,52.40,53.46,53.50,1.000,0.000
sw-deflate,ingress-6-517074b.bin,compress,1,131072,0.1673,574.2,228.10,233.55,233.59,1.000,0.000
sw-deflate,ingress-6-517074b.bin,decompress,1,131072,0.1673,1163.2,112.75,121.73,121.76,1.000,0.000
sw-deflate,ingress-6-517074b.bin,compress,1,0,0.2631,378.6,1364.78,1381.91,1382.06,1.000,0.000
sw-deflate,ingress-6-517074b.bin,decompress,1,0,0.2631,1072.7,480.62,496.11,498.30,1.000,0.000
sw-deflate,ingress-6-517074b.bin,compress,3,8192,0.0170,601.3,13.57,15.41,15.73,1.001,0.000
sw-deflate,ingress-6-517074b.bin,decompress,3,8192,0.0170,703.9,11.61,12.41,12.56,1.000,0.000
sw-deflate,ingress-6-517074b.bin,compress,3,16384,0.0095,765.2,21.40,22.27,22.38,1.000,0.000
sw-deflate,ingress-6-517074b.bin,decompress,3,16384,0.0095,758.7,21.57,22.27,22.29,1.000,0.000
sw-deflate,ingress-6-517074b.bin,compress,3,32768,0.0809,468.7,69.66,74.12,76.34,0.999,0.001
sw-deflate,ingress-6-517074b.bin,decompress,3,32768,0.0809,1655.4,19.24,20.95,21.00,1.000,0.000
sw-deflate,ingress-6-517074b.bin,compress,3,65536,0.1348,367.8,177.78,182.00,182.49,1.000,0.000
sw-deflate,ingress-6-517074b.bin,decompress,3,65536,0.1348,1218.4,54.34,56.80,57.62,1.000,0.000
sw-deflate,ingress-6-517074b.bin,compress,3,131072,0.1618,329.7,396.26,405.25,408.28,1.000,0.000
sw-deflate,ingress-6-517074b.bin,decompress,3,131072,0.1618,1132.3,116.91,123.81,123.84,1.000,0.000
sw-deflate,ingress-6-517074b.bin,compress,3,0,0.1936,270.6,1909.17,1930.62,1931.12,1.000,0.000
sw-deflate,ingress-6-517074b.bin,decompress,3,0,0.1936,1053.0,490.51,502.79,503.40,1.000,0.000
sw-deflate,ingress-6-517074b.bin,compress,6,8192,0.0170,582.6,13.97,18.40,18.45,1.001,0.000
sw-deflate,ingress-6-517074b.bin,decompress,6,8192,0.0170,703.0,11.64,12.01,12.43,1.000,0.000
sw-deflate,ingress-6-517074b.bin,compress,6,16384,0.0095,734.9,22.24,26.01,26.69,1.000,0.000
sw-deflate,ingress-6-517074b.bin,decompress,6,16384,0.0095,759.5,21.54,22.35,22.43,1.000,0.000
sw-deflate,ingress-6-517074b.bin,compress,6,32768,0.0808,235.2,139.12,143.55,143.58,1.000,0.000
sw-deflate,ingress-6-517074b.bin,decompress,6,32768,0.0808,1649.8,19.52,22.87,23.52,1.000,0.000
sw-deflate,ingress-6-517074b.bin,compress,6,65536,0.1347,155.1,422.24,431.76,432.15,1.000,0.000
sw-deflate,ingress-6-517074b.bin,decompress,6,65536,0.1347,1288.3,49.00,54.48,55.67,1.000,0.000
sw-deflate,ingress-6-517074b.bin,compress,6,131072,0.1617,132.6,985.39,1015.08,1015.75,1.000,0.000
sw-deflate,ingress-6-517074b.bin,decompress,6,131072,0.1617,1159.1,112.06,123.48,123.48,1.000,0.000
sw-deflate,ingress-6-517074b.bin,compress,6,0,0.1919,144.6,3574.91,3617.70,3623.28,1.000,0.000
sw-deflate,ingress-6-517074b.bin,decompress,6,0,0.1919,1060.9,488.65,502.49,502.71,1.000,0.000
sw-deflate,ingress-6-517074b.bin,compress,9,8192,0.0170,595.6,13.62,17.71,18.01,1.001,0.000
sw-deflate,ingress-6-517074b.bin,decompress,9,8192,0.0170,706.9,11.55,11.74,14.68,1.000,0.000
sw-deflate,ingress-6-517074b.bin,compress,9,16384,0.0095,758.1,21.55,25.30,25.46,1.000,0.000
sw-deflate,ingress-6-517074b.bin,decompress,9,16384,0.0095,758.3,21.58,22.27,22.30,1.000,0.000
sw-deflate,ingress-6-517074b.bin,compress,9,32768,0.0807,22.3,1465.61,1473.47,1473.64,1.000,0.000
sw-deflate,ingress-6-517074b.bin,decompress,9,32768,0.0807,1632.9,20.04,20.78,20.81,1.000,0.000
sw-deflate,ingress-6-517074b.bin,compress,9,65536,0.1347,13.2,4968.34,4989.03,4989.50,1.000,0.000
sw-deflate,ingress-6-517074b.bin,decompress,9,65536,0.1347,1250.5,52.19,57.98,58.19,1.000,0.000
sw-deflate,ingress-6-517074b.bin,compress,9,131072,0.1617,10.9,11996.00,12038.27,12039.17,1.000,0.000
sw-deflate,ingress-6-517074b.bin,decompress,9,131072,0.1617,1151.9,110.94,121.99,122.17,0.999,0.001
sw-deflate,ingress-6-517074b.bin,compress,9,0,0.1936,15.1,34132.44,34194.74,34200.46,1.000,0.000
sw-deflate,ingress-6-517074b.bin,decompress,9,0,0.1936,1049.6,492.61,505.03,505.59,1.000,0.000
sw-deflate,egress-3-77366b.bin,compress,1,8192,0.2399,416.7,19.62,20.68,21.11,1.001,0.000
sw-deflate,egress-3-77366b.bin,decompress,1,8192,0.2399,776.1,10.60,11.09,14.10,1.000,0.000
sw-deflate,egress-3-77366b.bin,compress,1,16384,0.2224,487.2,33.48,38.02,38.06,1.000,0.000
sw-deflate,egress-3-77366b.bin,decompress,1,16384,0.2224,885.1,19.01,21.30,22.03,1.000,0.000
sw-deflate,egress-3-77366b.bin,compress,1,32768,0.2126,520.7,62.85,64.18,66.49,1.000,0.000
sw-deflate,egress-3-77366b.bin,decompress,1,32768,0.2126,946.2,34.67,36.62,36.71,1.000,0.000
sw-deflate,egress-3-77366b.bin,compress,1,65536,0.3141,420.5,155.71,159.10,159.15,1.000,0.000
sw-deflate,egress-3-77366b.bin,decompress,1,65536,0.3141,863.4,76.17,80.93,81.00,1.000,0.000
sw-deflate,egress-3-77366b.bin,compress,1,131072,0.3334,382.2,202.33,205.25,205.26,1.000,0.000
sw-deflate,egress-3-77366b.bin,decompress,1,131072,0.3334,867.0,89.51,94.41,94.75,1.000,0.000
sw-deflate,egress-3-77366b.bin,compress,1,0,0.3334,382.1,202.19,207.91,207.97,1.000,0.000
sw-deflate,egress-3-77366b.bin,decompress,1,0,0.3334,851.8,90.91,95.77,95.83,1.000,0.000
sw-deflate,egress-3-77366b.bin,compress,3,8192,0.1953,253.2,32.25,35.52,37.45,1.000,0.000
sw-deflate,egress-3-77366b.bin,decompress,3,8192,0.1953,878.0,9.24,10.30,10.34,1.000,0.000
sw-deflate,egress-3-77366b.bin,compress,3,16384,0.1920,282.3,57.97,59.24,59.33,1.000,0.000
sw-deflate,egress-3-77366b.bin,decompress,3,16384,0.1920,883.8,18.62,19.47,19.52,1.000,0.000
sw-deflate,egress-3-77366b.bin,compress,3,32768,0.1949,292.7,111.69,114.96,116.15,1.000,0.000
sw-deflate,egress-3-77366b.bin,decompress,3,32768,0.1949,884.2,37.51,40.02,40.29,1.000,0.000
sw-deflate,egress-3-77366b.bin,compress,3,65536,0.2381,288.7,226.72,232.45,233.44,1.000,0.000
sw-deflate,egress-3-77366b.bin,decompress,3,65536,0.2381,800.4,83.11,84.66,85.30,1.000,0.000
sw-deflate,egress-3-77366b.bin,compress,3,131072,0.2640,195.7,395.05,404.94,405.37,1.000,0.000
sw-deflate,egress-3-77366b.bin,decompress,3,131072,0.2640,736.5,105.42,107.40,107.71,1.000,0.000
sw-deflate,egress-3-77366b.bin,compress,3,0,0.2640,196.3,394.03,401.52,401.62,1.000,0.000
sw-deflate,egress-3-77366b.bin,decompress,3,0,0.2640,739.0,105.23,107.31,108.38,1.000,0.000
sw-deflate,egress-3-77366b.bin,compress,6,8192,0.1947,109.8,74.39,79.17,79.44,1.000,0.000
sw-deflate,egress-3-77366b.bin,decompress,6,8192,0.1947,848.7,9.55,10.79,11.73,1.000,0.000
sw-deflate,egress-3-77366b.bin,compress,6,16384,0.1917,114.2,143.58,145.22,145.75,1.000,0.000
sw-deflate,egress-3-77366b.bin,decompress,6,16384,0.1917,926.1,18.27,18.77,18.99,1.000,0.000
sw-deflate,egress-3-77366b.bin,compress,6,32768,0.1940,122.6,267.24,274.16,274.32,1.000,0.000
sw-deflate,egress-3-77366b.bin,decompress,6,32768,0.1940,913.2,35.11,38.53,39.60,1.000,0.000
sw-deflate,egress-3-77366b.bin,compress,6,65536,0.2321,135.1,484.60,494.22,496.23,1.000,0.000
sw-deflate,egress-3-77366b.bin,decompress,6,65536,0.2321,808.7,80.36,84.60,84.89,0.999,0.001
sw-deflate,egress-3-77366b.bin,compress,6,131072,0.2626,117.7,657.08,666.50,667.59,1.000,0.000
sw-deflate,egress-3-77366b.bin,decompress,6,131072,0.2626,748.2,102.71,106.95,106.98,1.000,0.000
sw-deflate,egress-3-77366b.bin,compress,6,0,0.2626,117.9,656.55,668.09,669.99,1.000,0.000
sw-deflate,egress-3-77366b.bin,decompress,6,0,0.2626,754.3,102.22,106.09,106.34,1.000,0.000
sw-deflate,egress-3-77366b.bin,compress,9,8192,0.1949,8.3,988.07,993.80,994.24,1.000,0.000
sw-deflate,egress-3-77366b.bin,decompress,9,8192,0.1949,827.6,9.89,10.45,10.77,1.000,0.000
sw-deflate,egress-3-77366b.bin,compress,9,16384,0.1917,8.8,1859.78,1872.45,1875.01,1.000,0.000
sw-deflate,egress-3-77366b.bin,decompress,9,16384,0.1917,913.2,17.83,18.80,18.93,1.000,0.000
sw-deflate,egress-3-77366b.bin,compress,9,32768,0.1937,9.5,3435.35,3451.28,3451.54,1.000,0.000
sw-deflate,egress-3-77366b.bin,decompress,9,32768,0.1937,890.0,36.67,39.05,39.19,1.000,0.000
sw-deflate,egress-3-77366b.bin,compress,9,65536,0.2316,13.1,5014.56,5034.90,5038.96,1.000,0.000
sw-deflate,egress-3-77366b.bin,decompress,9,65536,0.2316,787.0,83.17,87.32,87.64,1.000,0.000
sw-deflate,egress-3-77366b.bin,compress,9,131072,0.2621,14.9,5180.44,5212.97,5216.57,1.000,0.000
sw-deflate,egress-3-77366b.bin,decompress,9,131072,0.2621,732.5,105.50,108.25,108.50,1.000,0.000
sw-deflate,egress-3-77366b.bin,compress,9,0,0.2621,14.9,5181.51,5212.28,5215.97,1.000,0.000
sw-deflate,egress-3-77366b.bin,decompress,9,0,0.2621,729.7,106.16,110.99,111.09,1.000,0.000
sw-deflate,ingress-3-77388b.bin,compress,1,8192,0.1763,494.2,16.49,20.86,21.51,1.001,0.000
sw-deflate,ingress-3-77388b.bin,decompress,1,8192,0.1763,982.0,8.21,9.07,12.69,0.992,0.008
sw-deflate,ingress-3-77388b.bin,compress,1,16384,0.1923,545.1,29.99,31.20,31.34,1.001,0.000
sw-deflate,ingress-3-77388b.bin,decompress,1,16384,0.1923,990.6,16.76,17.06,17.31,1.000,0.000
sw-deflate,ingress-3-77388b.bin,compress,1,32768,0.1983,558.0,58.60,63.14,63.45,1.000,0.000
sw-deflate,ingress-3-77388b.bin,decompress,1,32768,0.1983,946.2,34.61,36.81,37.03,1.000,0.000
sw-deflate,ingress-3-77388b.bin,compress,1,65536,0.3189,412.4,158.76,162.82,162.83,1.000,0.000
sw-deflate,ingress-3-77388b.bin,decompress,1,65536,0.3189,855.6,76.57,81.45,81.52,1.000,0.000
sw-deflate,ingress-3-77388b.bin,compress,1,131072,0.3348,376.7,205.42,209.59,209.89,1.000,0.000
sw-deflate,ingress-3-77388b.bin,decompress,1,131072,0.3348,855.5,90.67,96.17,96.25,1.000,0.000
sw-deflate,ingress-3-77388b.bin,compress,1,0,0.3348,379.1,203.85,207.38,207.38,1.000,0.000
sw-deflate,ingress-3-77388b.bin,decompress,1,0,0.3348,860.3,90.02,95.85,96.13,1.000,0.000
sw-deflate,ingress-3-77388b.bin,compress,3,8192,0.1400,308.5,26.48,27.58,27.77,1.001,0.000
sw-deflate,ingress-3-77388b.bin,decompress,3,8192,0.1400,1037.2,7.90,8.33,8.45,1.000,0.000
sw-deflate,ingress-3-77388b.bin,compress,3,16384,0.1641,315.5,51.84,53.02,54.09,1.000,0.000
sw-deflate,ingress-3-77388b.bin,decompress,3,16384,0.1641,1038.5,16.20,16.95,17.49,1.000,0.000
sw-deflate,ingress-3-77388b.bin,compress,3,32768,0.1810,320.6,102.06,104.71,104.76,1.000,0.000
sw-deflate,ingress-3-77388b.bin,decompress,3,32768,0.1810,975.1,34.06,34.94,35.04,1.000,0.000
sw-deflate,ingress-3-77388b.bin,compress,3,65536,0.2425,288.5,226.92,232.54,234.58,1.000,0.000
sw-deflate,ingress-3-77388b.bin,decompress,3,65536,0.2425,827.1,78.57,83.22,83.25,1.000,0.000
sw-deflate,ingress-3-77388b.bin,compress,3,131072,0.2647,194.5,397.61,405.18,408.38,1.000,0.000
sw-deflate,ingress-3-77388b.bin,decompress,3,131072,0.2647,743.8,103.69,107.40,107.60,1.000,0.000
sw-deflate,ingress-3-77388b.bin,compress,3,0,0.2647,195.1,396.37,403.70,403.71,1.000,0.000
sw-deflate,ingress-3-77388b.bin,decompress,3,0,0.2647,754.9,102.32,106.99,109.23,1.000,0.000
sw-deflate,ingress-3-77388b.bin,compress,6,8192,0.1389,150.6,54.27,58.82,58.86,1.000,0.000
sw-deflate,ingress-3-77388b.bin,decompress,6,8192,0.1389,1053.0,7.80,8.76,8.78,1.000,0.000
sw-deflate,ingress-3-77388b.bin,compress,6,16384,0.1635,132.6,123.51,125.66,127.47,1.000,0.000
sw-deflate,ingress-3-77388b.bin,decompress,6,16384,0.1635,1022.7,15.90,16.95,17.17,1.000,0.000
sw-deflate,ingress-3-77388b.bin,compress,6,32768,0.1800,133.1,246.00,255.34,257.10,1.000,0.000
sw-deflate,ingress-3-77388b.bin,decompress,6,32768,0.1800,1004.0,33.49,34.48,36.12,1.000,0.000
sw-deflate,ingress-3-77388b.bin,compress,6,65536,0.2350,134.6,486.44,497.31,501.29,1.000,0.000
sw-deflate,ingress-3-77388b.bin,decompress,6,65536,0.2350,815.2,79.62,84.16,84.58,1.000,0.000
sw-deflate,ingress-3-77388b.bin,compress,6,131072,0.2641,117.2,660.17,667.63,667.90,1.000,0.000
sw-deflate,ingress-3-77388b.bin,decompress,6,131072,0.2641,758.2,102.14,106.10,106.90,1.000,0.000
sw-deflate,ingress-3-77388b.bin,compress,6,0,0.2641,117.3,659.66,670.03,670.33,1.000,0.000
sw-deflate,ingress-3-77388b.bin,decompress,6,0,0.2641,750.9,103.56,106.87,108.02,1.000,0.000
sw-deflate,ingress-3-77388b.bin,compress,9,8192,0.1389,12.9,634.67,639.23,640.27,1.000,0.000
sw-deflate,ingress-3-77388b.bin,decompress,9,8192,0.1389,1067.0,7.60,8.07,8.13,1.000,0.000
sw-deflate,ingress-3-77388b.bin,compress,9,16384,0.1635,10.9,1507.32,1521.85,1531.90,1.000,0.000
sw-deflate,ingress-3-77388b.bin,decompress,9,16384,0.1635,1006.7,16.09,17.37,17.46,1.000,0.000
sw-deflate,ingress-3-77388b.bin,compress,9,32768,0.1797,10.5,3122.27,3137.80,3139.84,1.000,0.000
sw-deflate,ingress-3-77388b.bin,decompress,9,32768,0.1797,1001.9,32.70,33.98,34.06,1.000,0.000
sw-deflate,ingress-3-77388b.bin,compress,9,65536,0.2346,13.3,4936.85,4960.53,4968.85,1.000,0.000
sw-deflate,ingress-3-77388b.bin,decompress,9,65536,0.2346,797.4,82.08,87.37,88.65,1.000,0.000
sw-deflate,ingress-3-77388b.bin,compress,9,131072,0.2634,15.1,5113.95,5140.92,5141.38,1.000,0.000
sw-deflate,ingress-3-77388b.bin,decompress,9,131072,0.2634,751.0,103.33,108.98,109.48,1.000,0.000
sw-deflate,ingress-3-77388b.bin,compress,9,0,0.2634,15.1,5113.00,5137.48,5141.15,1.000,0.000
sw-deflate,ingress-3-77388b.bin,decompress,9,0,0.2634,748.3,103.81,106.72,107.19,1.000,0.000
sw-deflate,ingress-2-12575b.bin,compress,1,8192,0.2493,423.9,19.30,20.20,20.20,1.001,0.000
sw-deflate,ingress-2-12575b.bin,decompress,1,8192,0.2493,728.6,11.23,11.47,12.19,1.000,0.000
sw-deflate,ingress-2-12575b.bin,compress,1,16384,0.3808,440.5,28.43,32.67,33.60,1.001,0.000
sw-deflate,ingress-2-12575b.bin,decompress,1,16384,0.3808,669.9,18.65,23.37,23.42,1.000,0.000
sw-deflate,ingress-2-12575b.bin,compress,1,32768,0.3808,442.8,28.33,30.23,30.50,1.001,0.000
sw-deflate,ingress-2-12575b.bin,decompress,1,32768,0.3808,671.6,18.68,19.50,19.52,1.000,0.000
sw-deflate,ingress-2-12575b.bin,compress,1,65536,0.3808,443.4,28.33,29.44,29.56,1.001,0.000
sw-deflate,ingress-2-12575b.bin,decompress,1,65536,0.3808,672.8,18.65,19.34,19.45,1.000,0.000
sw-deflate,ingress-2-12575b.bin,compress,1,131072,0.3808,443.1,28.34,29.41,29.49,1.001,0.000
sw-deflate,ingress-2-12575b.bin,decompress,1,131072,0.3808,671.4,18.67,19.53,19.61,1.000,0.000
sw-deflate,ingress-2-12575b.bin,compress,1,0,0.3808,443.4,28.29,29.58,29.81,1.001,0.000
sw-deflate,ingress-2-12575b.bin,decompress,1,0,0.3808,670.6,18.72,19.52,19.68,1.000,0.000
sw-deflate,ingress-2-12575b.bin,compress,3,8192,0.2069,265.8,30.69,33.56,35.49,1.001,0.000
sw-deflate,ingress-2-12575b.bin,decompress,3,8192,0.2069,768.3,10.57,15.10,15.64,1.000,0.000
sw-deflate,ingress-2-12575b.bin,compress,3,16384,0.3266,281.9,44.37,48.81,49.55,1.000,0.000
sw-deflate,ingress-2-12575b.bin,decompress,3,16384,0.3266,745.8,16.86,17.63,17.65,1.000,0.000
sw-deflate,ingress-2-12575b.bin,compress,3,32768,0.3266,283.0,44.33,45.45,45.46,1.000,0.000
sw-deflate,ingress-2-12575b.bin,decompress,3,32768,0.3266,745.4,16.78,17.59,17.75,1.000,0.000
sw-deflate,ingress-2-12575b.bin,compress,3,65536,0.3266,283.2,44.31,46.49,46.55,1.000,0.000
sw-deflate,ingress-2-12575b.bin,decompress,3,65536,0.3266,745.1,16.79,18.90,19.02,1.000,0.000
sw-deflate,ingress-2-12575b.bin,compress,3,131072,0.3266,283.6,44.23,46.10,46.39,1.000,0.000
sw-deflate,ingress-2-12575b.bin,decompress,3,131072,0.3266,738.6,17.01,18.65,19.11,1.000,0.000
sw-deflate,ingress-2-12575b.bin,compress,3,0,0.3266,283.1,44.30,46.16,46.38,1.000,0.000
sw-deflate,ingress-2-12575b.bin,decompress,3,0,0.3266,744.6,16.84,17.69,18.13,1.000,0.000
sw-deflate,ingress-2-12575b.bin,compress,6,8192,0.2030,129.9,62.89,66.62,66.90,1.000,0.000
sw-deflate,ingress-2-12575b.bin,decompress,6,8192,0.2030,773.6,10.57,11.41,14.89,1.000,0.000
sw-deflate,ingress-2-12575b.bin,compress,6,16384,0.2915,156.9,80.01,81.63,82.24,1.000,0.000
sw-deflate,ingress-2-12575b.bin,decompress,6,16384,0.2915,757.1,16.56,18.20,18.74,1.000,0.000
sw-deflate,ingress-2-12575b.bin,compress,6,32768,0.2915,157.0,79.98,81.73,81.81,1.000,0.000
sw-deflate,ingress-2-12575b.bin,decompress,6,32768,0.2915,751.2,16.69,17.62,17.68,1.000,0.000
sw-deflate,ingress-2-12575b.bin,compress,6,65536,0.2915,156.9,80.03,82.37,82.91,1.000,0.000
sw-deflate,ingress-2-12575b.bin,decompress,6,65536,0.2915,754.3,16.62,17.94,20.33,1.000,0.000
sw-deflate,ingress-2-12575b.bin,compress,6,131072,0.2915,156.9,79.92,84.37,86.20,1.000,0.000
sw-deflate,ingress-2-12575b.bin,decompress,6,131072,0.2915,750.9,16.75,17.37,18.32,1.000,0.000
sw-deflate,ingress-2-12575b.bin,compress,6,0,0.2915,157.0,80.01,81.76,81.80,1.000,0.000
sw-deflate,ingress-2-12575b.bin,decompress,6,0,0.2915,751.7,16.71,17.46,17.64,1.000,0.000
sw-deflate,ingress-2-12575b.bin,compress,9,8192,0.2036,10.1,808.76,813.23,814.65,1.000,0.000
sw-deflate,ingress-2-12575b.bin,decompress,9,8192,0.2036,813.5,10.14,10.58,10.64,1.000,0.000
sw-deflate,ingress-2-12575b.bin,compress,9,16384,0.2899,14.6,862.62,868.89,868.90,1.000,0.000
sw-deflate,ingress-2-12575b.bin,decompress,9,16384,0.2899,759.4,16.43,20.45,21.10,1.000,0.000
sw-deflate,ingress-2-12575b.bin,compress,9,32768,0.2899,14.6,862.58,868.23,868.73,1.000,0.000
sw-deflate,ingress-2-12575b.bin,decompress,9,32768,0.2899,763.5,16.41,17.38,17.66,1.000,0.000
sw-deflate,ingress-2-12575b.bin,compress,9,65536,0.2899,14.6,862.72,869.91,870.45,1.000,0.000
sw-deflate,ingress-2-12575b.bin,decompress,9,65536,0.2899,759.3,16.53,17.35,17.50,1.000,0.000
sw-deflate,ingress-2-12575b.bin,compress,9,131072,0.2899,14.6,862.70,868.12,868.18,1.000,0.000
sw-deflate,ingress-2-12575b.bin,decompress,9,131072,0.2899,759.1,16.54,17.13,17.39,1.000,0.000
sw-deflate,ingress-2-12575b.bin,compress,9,0,0.2899,14.6,862.51,869.15,869.33,1.000,0.000
sw-deflate,ingress-2-12575b.bin,decompress,9,0,0.2899,752.9,16.69,18.09,18.24,1.000,0.000
sw-deflate,egress-6-280108b.bin,compress,1,8192,0.1664,438.6,18.64,20.31,20.51,1.001,0.000
sw-deflate,egress-6-280108b.bin,decompress,1,8192,0.1664,928.2,8.81,9.18,9.18,1.000,0.000
sw-deflate,egress-6-280108b.bin,compress,1,16384,0.1779,506.1,32.33,33.44,33.90,1.001,0.000
sw-deflate,egress-6-280108b.bin,decompress,1,16384,0.1779,1033.7,15.83,17.40,17.43,1.000,0.000
sw-deflate,egress-6-280108b.bin,compress,1,32768,0.1836,531.2,61.60,63.41,63.67,1.000,0.000
sw-deflate,egress-6-280108b.bin,decompress,1,32768,0.1836,1050.5,30.45,34.15,34.77,1.000,0.000
sw-deflate,egress-6-280108b.bin,compress,1,65536,0.1865,523.5,124.94,130.40,131.97,1.000,0.000
sw-deflate,egress-6-280108b.bin,decompress,1,65536,0.1865,1080.4,59.81,66.11,66.27,1.000,0.000
sw-deflate,egress-6-280108b.bin,compress,1,131072,0.1857,507.4,258.17,262.97,263.36,1.000,0.000
sw-deflate,egress-6-280108b.bin,decompress,1,131072,0.1857,949.7,136.14,147.70,148.11,1.000,0.000
sw-deflate,egress-6-280108b.bin,compress,1,0,0.2692,388.0,720.93,731.39,733.11,1.000,0.000
sw-deflate,egress-6-280108b.bin,decompress,1,0,0.2692,913.1,307.39,313.42,313.71,1.000,0.000
sw-deflate,egress-6-280108b.bin,compress,3,8192,0.1654,277.5,29.41,32.28,33.74,1.001,0.000
sw-deflate,egress-6-280108b.bin,decompress,3,8192,0.1654,963.7,8.43,9.21,9.22,1.000,0.000
sw-deflate,egress-6-280108b.bin,compress,3,16384,0.1771,295.2,55.47,56.76,56.88,1.000,0.000
sw-deflate,egress-6-280108b.bin,decompress,3,16384,0.1771,1004.6,15.62,17.75,17.88,1.000,0.000
sw-deflate,egress-6-280108b.bin,compress,3,32768,0.1830,303.3,108.02,110.13,110.20,1.000,0.000
sw-deflate,egress-6-280108b.bin,decompress,3,32768,0.1830,977.0,34.24,36.10,36.13,1.000,0.000
sw-deflate,egress-6-280108b.bin,compress,3,65536,0.1858,301.2,216.90,223.57,223.60,1.000,0.000
sw-deflate,egress-6-280108b.bin,decompress,3,65536,0.1858,1031.1,63.77,68.13,68.16,1.000,0.000
sw-deflate,egress-6-280108b.bin,compress,3,131072,0.1818,313.3,417.55,426.18,426.98,1.000,0.000
sw-deflate,egress-6-280108b.bin,decompress,3,131072,0.1818,920.4,141.95,149.72,149.78,1.000,0.000
sw-deflate,egress-6-280108b.bin,compress,3,0,0.1982,257.5,1087.55,1102.01,1102.37,1.000,0.000
sw-deflate,egress-6-280108b.bin,decompress,3,0,0.1982,884.6,316.18,322.25,322.67,1.000,0.000
sw-deflate,egress-6-280108b.bin,compress,6,8192,0.1654,125.3,65.17,67.02,69.81,1.000,0.000
sw-deflate,egress-6-280108b.bin,decompress,6,8192,0.1654,930.2,8.46,9.52,10.05,1.000,0.000
sw-deflate,egress-6-280108b.bin,compress,6,16384,0.1771,122.6,133.25,136.80,136.86,1.000,0.000
sw-deflate,egress-6-280108b.bin,decompress,6,16384,0.1771,954.7,17.18,17.83,18.15,1.000,0.000
sw-deflate,egress-6-280108b.bin,compress,6,32768,0.1830,120.5,271.28,278.87,279.03,1.000,0.000
sw-deflate,egress-6-280108b.bin,decompress,6,32768,0.1830,993.7,32.54,35.15,35.50,1.000,0.000
sw-deflate,egress-6-280108b.bin,compress,6,65536,0.1858,118.8,550.87,565.70,566.05,1.000,0.000
sw-deflate,egress-6-280108b.bin,decompress,6,65536,0.1858,1020.5,63.85,70.02,70.13,1.000,0.000
sw-deflate,egress-6-280108b.bin,compress,6,131072,0.1779,131.8,994.40,1012.73,1013.71,1.000,0.000
sw-deflate,egress-6-280108b.bin,decompress,6,131072,0.1779,970.3,136.05,143.47,145.15,1.000,0.000
sw-deflate,egress-6-280108b.bin,compress,6,0,0.1942,151.0,1854.27,1881.39,1882.01,1.000,0.000
sw-deflate,egress-6-280108b.bin,decompress,6,0,0.1942,910.6,307.32,316.90,317.32,1.000,0.000
sw-deflate,egress-6-280108b.bin,compress,9,8192,0.1654,11.3,726.93,732.63,733.64,1.000,0.000
sw-deflate,egress-6-280108b.bin,decompress,9,8192,0.1654,888.2,9.21,9.55,9.68,1.000,0.000
sw-deflate,egress-6-280108b.bin,compress,9,16384,0.1771,10.2,1602.18,1611.88,1616.78,1.000,0.000
sw-deflate,egress-6-280108b.bin,decompress,9,16384,0.1771,991.0,16.09,17.65,17.79,1.000,0.000
sw-deflate,egress-6-280108b.bin,compress,9,32768,0.1830,9.8,3353.66,3368.24,3374.10,1.000,0.000
sw-deflate,egress-6-280108b.bin,decompress,9,32768,0.1830,1036.6,32.16,34.42,34.42,1.000,0.000
sw-deflate,egress-6-280108b.bin,compress,9,65536,0.1858,9.5,6862.33,6900.16,6904.70,1.000,0.000
sw-deflate,egress-6-280108b.bin,decompress,9,65536,0.1858,1054.8,61.37,68.13,68.16,1.000,0.000
sw-deflate,egress-6-280108b.bin,compress,9,131072,0.1779,9.9,13194.49,13240.42,13250.22,1.000,0.000
sw-deflate,egress-6-280108b.bin,decompress,9,131072,0.1779,974.7,131.25,143.71,143.90,1.000,0.000
sw-deflate,egress-6-280108b.bin,compress,9,0,0.1947,15.7,17846.34,17900.31,17911.08,1.000,0.000
sw-deflate,egress-6-280108b.bin,decompress,9,0,0.1947,908.0,304.62,318.46,318.46,1.000,0.000
sw-deflate,egress-1-3759b.bin,compress,1,8192,0.4107,309.0,12.14,12.85,12.96,1.002,0.000
sw-deflate,egress-1-3759b.bin,decompress,1,8192,0.4107,544.3,6.93,7.10,7.71,1.000,0.000
sw-deflate,egress-1-3759b.bin,compress,1,16384,0.4107,309.5,12.13,12.66,13.05,1.002,0.000
sw-deflate,egress-1-3759b.bin,decompress,1,16384,0.4107,544.8,6.92,7.07,7.11,1.000,0.000
sw-deflate,egress-1-3759b.bin,compress,1,32768,0.4107,308.6,12.14,12.84,13.21,1.002,0.000
sw-deflate,egress-1-3759b.bin,decompress,1,32768,0.4107,543.2,6.92,7.07,7.10,1.000,0.000
sw-deflate,egress-1-3759b.bin,compress,1,65536,0.4107,308.6,12.13,12.64,12.78,1.002,0.000
sw-deflate,egress-1-3759b.bin,decompress,1,65536,0.4107,541.8,6.92,7.08,10.27,1.000,0.000
sw-deflate,egress-1-3759b.bin,compress,1,131072,0.4107,308.6,12.12,12.51,17.09,1.002,0.000
sw-deflate,egress-1-3759b.bin,decompress,1,131072,0.4107,544.1,6.93,7.05,7.15,1.000,0.000
sw-deflate,egress-1-3759b.bin,compress,1,0,0.4107,309.8,12.10,12.87,13.03,1.002,0.000
sw-deflate,egress-1-3759b.bin,decompress,1,0,0.4107,545.3,6.92,7.06,7.08,1.000,0.000
sw-deflate,egress-1-3759b.bin,compress,3,8192,0.3554,207.6,18.08,18.73,18.80,1.001,0.000
sw-deflate,egress-1-3759b.bin,decompress,3,8192,0.3554,583.6,6.44,6.69,6.75,1.000,0.000
sw-deflate,egress-1-3759b.bin,compress,3,16384,0.3554,208.1,18.03,18.99,19.02,1.001,0.000
sw-deflate,egress-1-3759b.bin,decompress,3,16384,0.3554,579.9,6.44,6.71,7.44,1.000,0.000
sw-deflate,egress-1-3759b.bin,compress,3,32768,0.3554,208.0,18.01,18.99,19.05,1.001,0.000
sw-deflate,egress-1-3759b.bin,decompress,3,32768,0.3554,583.0,6.44,6.64,6.67,1.000,0.000
sw-deflate,egress-1-3759b.bin,compress,3,65536,0.3554,208.5,18.01,18.98,19.05,1.001,0.000
sw-deflate,egress-1-3759b.bin,decompress,3,65536,0.3554,586.1,6.42,6.63,6.64,1.000,0.000
sw-deflate,egress-1-3759b.bin,compress,3,131072,0.3554,207.2,18.05,21.25,22.53,1.000,0.000
sw-deflate,egress-1-3759b.bin,decompress,3,131072,0.3554,580.9,6.45,6.64,6.69,1.000,0.000
sw-deflate,egress-1-3759b.bin,compress,3,0,0.3554,207.9,18.03,19.91,20.00,1.001,0.000
sw-deflate,egress-1-3759b.bin,decompress,3,0,0.3554,584.1,6.43,6.67,6.73,1.000,0.000
sw-deflate,egress-1-3759b.bin,compress,6,8192,0.3320,128.2,29.27,30.53,30.58,1.001,0.000
sw-deflate,egress-1-3759b.bin,decompress,6,8192,0.3320,598.2,6.25,7.08,8.51,1.000,0.000
sw-deflate,egress-1-3759b.bin,compress,6,16384,0.3320,128.1,29.26,31.42,31.54,1.001,0.000
sw-deflate,egress-1-3759b.bin,decompress,6,16384,0.3320,596.0,6.30,6.46,6.48,1.000,0.000
sw-deflate,egress-1-3759b.bin,compress,6,32768,0.3320,128.6,29.20,30.30,30.32,1.001,0.000
sw-deflate,egress-1-3759b.bin,decompress,6,32768,0.3320,600.5,6.25,6.47,6.51,1.000,0.000
sw-deflate,egress-1-3759b.bin,compress,6,65536,0.3320,128.3,29.23,30.30,30.50,1.001,0.000
sw-deflate,egress-1-3759b.bin,decompress,6,65536,0.3320,599.5,6.26,6.47,6.47,1.000,0.000
sw-deflate,egress-1-3759b.bin,compress,6,131072,0.3320,128.0,29.26,32.54,34.13,1.001,0.000
sw-deflate,egress-1-3759b.bin,decompress,6,131072,0.3320,598.6,6.27,6.46,6.49,1.000,0.000
sw-deflate,egress-1-3759b.bin,compress,6,0,0.3320,128.0,29.30,30.62,30.78,1.001,0.000
sw-deflate,egress-1-3759b.bin,decompress,6,0,0.3320,592.6,6.24,6.80,10.07,0.991,0.009
sw-deflate,egress-1-3759b.bin,compress,9,8192,0.3320,15.0,251.11,254.07,254.22,1.000,0.000
sw-deflate,egress-1-3759b.bin,decompress,9,8192,0.3320,596.7,6.27,6.49,6.52,1.000,0.000
sw-deflate,egress-1-3759b.bin,compress,9,16384,0.3320,15.0,251.00,254.11,256.35,1.000,0.000
sw-deflate,egress-1-3759b.bin,decompress,9,16384,0.3320,593.6,6.31,6.44,6.45,1.000,0.000
sw-deflate,egress-1-3759b.bin,compress,9,32768,0.3320,14.9,251.08,254.99,256.24,1.000,0.000
sw-deflate,egress-1-3759b.bin,decompress,9,32768,0.3320,596.0,6.28,6.50,6.55,1.000,0.000
sw-deflate,egress-1-3759b.bin,compress,9,65536,0.3320,15.0,251.07,255.46,256.15,1.000,0.000
sw-deflate,egress-1-3759b.bin,decompress,9,65536,0.3320,595.9,6.30,6.50,7.02,1.000,0.000
sw-deflate,egress-1-3759b.bin,compress,9,131072,0.3320,14.9,251.07,257.22,257.25,1.000,0.000
sw-deflate,egress-1-3759b.bin,decompress,9,131072,0.3320,593.8,6.33,6.54,6.56,1.000,0.000
sw-deflate,egress-1-3759b.bin,compress,9,0,0.3320,14.9,251.08,256.67,257.36,1.000,0.000
sw-deflate,egress-1-3759b.bin,decompress,9,0,0.3320,593.9,6.33,6.48,6.49,1.000,0.000
sw-deflate,ingress-4-206903b.bin,compress,1,8192,0.0210,845.3,9.68,9.94,10.46,1.001,0.000
sw-deflate,ingress-4-206903b.bin,decompress,1,8192,0.0210,2181.9,3.71,4.14,4.15,1.000,0.000
sw-deflate,ingress-4-206903b.bin,compress,1,16384,0.1319,647.0,25.15,26.25,26.36,1.001,0.000
sw-deflate,ingress-4-206903b.bin,decompress,1,16384,0.1319,1326.5,12.32,13.04,13.24,1.000,0.000
sw-deflate,ingress-4-206903b.bin,compress,1,32768,0.1657,616.8,53.05,56.09,56.25,1.000,0.000
sw-deflate,ingress-4-206903b.bin,decompress,1,32768,0.1657,1181.6,27.04,29.94,32.00,1.000,0.000
sw-deflate,ingress-4-206903b.bin,compress,1,65536,0.1789,575.0,113.86,115.94,116.58,1.000,0.000
sw-deflate,ingress-4-206903b.bin,decompress,1,65536,0.1789,1117.0,57.57,65.02,67.97,1.000,0.000
sw-deflate,ingress-4-206903b.bin,compress,1,131072,0.2035,516.5,253.68,256.08,256.23,1.000,0.000
sw-deflate,ingress-4-206903b.bin,decompress,1,131072,0.2035,1000.0,131.38,138.95,139.22,1.000,0.000
sw-deflate,ingress-4-206903b.bin,compress,1,0,0.3014,361.8,571.62,578.25,578.52,1.000,0.000
sw-deflate,ingress-4-206903b.bin,decompress,1,0,0.3014,939.3,220.62,225.69,225.70,1.000,0.000
sw-deflate,ingress-4-206903b.bin,compress,3,8192,0.0192,574.1,14.25,14.47,15.10,1.001,0.000
sw-deflate,ingress-4-206903b.bin,decompress,3,8192,0.0192,935.9,8.72,9.06,9.08,1.000,0.000
sw-deflate,ingress-4-206903b.bin,compress,3,16384,0.1079,396.6,41.09,45.82,46.41,1.000,0.000
sw-deflate,ingress-4-206903b.bin,decompress,3,16384,0.1079,1354.0,12.08,12.60,13.38,1.000,0.000
sw-deflate,ingress-4-206903b.bin,compress,3,32768,0.1489,339.1,96.44,98.60,99.14,1.000,0.000
sw-deflate,ingress-4-206903b.bin,decompress,3,32768,0.1489,1085.4,30.57,31.28,31.49,1.000,0.000
sw-deflate,ingress-4-206903b.bin,compress,3,65536,0.1689,319.7,204.46,209.48,210.16,1.000,0.000
sw-deflate,ingress-4-206903b.bin,decompress,3,65536,0.1689,1072.5,61.08,65.87,66.11,1.000,0.000
sw-deflate,ingress-4-206903b.bin,compress,3,131072,0.1877,306.4,427.11,435.40,436.34,1.000,0.000
sw-deflate,ingress-4-206903b.bin,decompress,3,131072,0.1877,1063.2,124.91,131.98,131.99,1.000,0.000
sw-deflate,ingress-4-206903b.bin,compress,3,0,0.2243,228.4,905.34,917.70,917.75,1.000,0.000
sw-deflate,ingress-4-206903b.bin,decompress,3,0,0.2243,914.5,227.31,232.35,232.88,1.000,0.000
sw-deflate,ingress-4-206903b.bin,compress,6,8192,0.0192,548.0,14.91,15.88,19.56,1.001,0.000
sw-deflate,ingress-4-206903b.bin,decompress,6,8192,0.0192,936.2,8.71,9.05,9.07,1.000,0.000
sw-deflate,ingress-4-206903b.bin,compress,6,16384,0.1074,189.5,86.25,92.12,92.27,1.000,0.000
sw-deflate,ingress-4-206903b.bin,decompress,6,16384,0.1074,1355.3,12.05,12.86,13.09,1.000,0.000
sw-deflate,ingress-4-206903b.bin,compress,6,32768,0.1486,143.0,229.07,234.32,234.61,1.000,0.000
sw-deflate,ingress-4-206903b.bin,decompress,6,32768,0.1486,1062.0,30.75,35.30,36.28,1.000,0.000
sw-deflate,ingress-4-206903b.bin,compress,6,65536,0.1687,127.9,512.46,521.47,521.64,1.000,0.000
sw-deflate,ingress-4-206903b.bin,decompress,6,65536,0.1687,1019.0,64.46,69.12,69.13,1.000,0.000
sw-deflate,ingress-4-206903b.bin,compress,6,131072,0.1876,123.6,1061.48,1081.33,1082.40,1.000,0.000
sw-deflate,ingress-4-206903b.bin,decompress,6,131072,0.1876,1049.4,126.31,129.64,129.74,1.000,0.000
sw-deflate,ingress-4-206903b.bin,compress,6,0,0.2235,127.6,1621.73,1640.97,1645.70,1.000,0.000
sw-deflate,ingress-4-206903b.bin,decompress,6,0,0.2235,918.6,226.54,231.31,231.34,1.000,0.000
sw-deflate,ingress-4-206903b.bin,compress,9,8192,0.0192,490.1,16.68,17.85,17.97,1.001,0.000
sw-deflate,ingress-4-206903b.bin,decompress,9,8192,0.0192,934.9,8.72,9.04,10.65,1.000,0.000
sw-deflate,ingress-4-206903b.bin,compress,9,16384,0.1074,16.6,989.46,994.66,995.25,1.000,0.000
sw-deflate,ingress-4-206903b.bin,decompress,9,16384,0.1074,1372.9,11.90,12.43,12.57,1.000,0.000
sw-deflate,ingress-4-206903b.bin,compress,9,32768,0.1485,12.0,2740.30,2755.47,2757.51,1.000,0.000
sw-deflate,ingress-4-206903b.bin,decompress,9,32768,0.1485,1082.4,29.94,32.15,32.28,1.000,0.000
sw-deflate,ingress-4-206903b.bin,compress,9,65536,0.1686,10.5,6251.81,6279.86,6291.87,1.000,0.000
sw-deflate,ingress-4-206903b.bin,decompress,9,65536,0.1686,1064.5,60.55,67.70,67.94,1.000,0.000
sw-deflate,ingress-4-206903b.bin,compress,9,131072,0.1899,10.4,12651.01,12696.70,12697.93,1.000,0.000
sw-deflate,ingress-4-206903b.bin,decompress,9,131072,0.1899,1077.6,121.45,127.37,127.69,1.000,0.000
sw-deflate,ingress-4-206903b.bin,compress,9,0,0.2244,15.1,13702.36,13747.66,13748.73,1.000,0.000
sw-deflate,ingress-4-206903b.bin,decompress,9,0,0.2244,928.5,222.56,227.75,227.85,1.000,0.000
sw-deflate,ingress-0-1316b.bin,compress,1,8192,0.4559,186.4,7.05,7.31,7.32,1.002,0.000
sw-deflate,ingress-0-1316b.bin,decompress,1,8192,0.4559,385.8,3.40,3.65,3.65,1.001,0.000
sw-deflate,ingress-0-1316b.bin,compress,1,16384,0.4559,186.5,7.04,7.25,7.47,1.001,0.000
sw-deflate,ingress-0-1316b.bin,decompress,1,16384,0.4559,384.0,3.40,3.71,3.72,1.000,0.000
sw-deflate,ingress-0-1316b.bin,compress,1,32768,0.4559,186.8,7.03,7.29,7.83,1.001,0.000
sw-deflate,ingress-0-1316b.bin,decompress,1,32768,0.4559,383.0,3.41,3.73,3.75,1.000,0.000
sw-deflate,ingress-0-1316b.bin,compress,1,65536,0.4559,186.5,7.04,7.26,7.31,1.002,0.000
sw-deflate,ingress-0-1316b.bin,decompress,1,65536,0.4559,381.7,3.42,3.90,3.91,0.998,0.002
sw-deflate,ingress-0-1316b.bin,compress,1,131072,0.4559,186.1,7.05,7.28,7.95,1.001,0.000
sw-deflate,ingress-0-1316b.bin,decompress,1,131072,0.4559,383.9,3.40,3.90,3.91,1.000,0.000
sw-deflate,ingress-0-1316b.bin,compress,1,0,0.4559,187.2,7.02,7.26,7.29,1.001,0.000
sw-deflate,ingress-0-1316b.bin,decompress,1,0,0.4559,382.8,3.40,3.76,3.91,1.000,0.000
sw-deflate,ingress-0-1316b.bin,compress,3,8192,0.4164,132.7,9.91,10.15,11.05,1.001,0.000
sw-deflate,ingress-0-1316b.bin,decompress,3,8192,0.4164,402.2,3.24,3.56,3.57,1.000,0.000
sw-deflate,ingress-0-1316b.bin,compress,3,16384,0.4164,133.1,9.86,10.13,10.71,1.001,0.000
sw-deflate,ingress-0-1316b.bin,decompress,3,16384,0.4164,402.0,3.22,3.73,3.77,1.000,0.000
sw-deflate,ingress-0-1316b.bin,compress,3,32768,0.4164,132.9,9.84,10.65,12.04,1.001,0.000
sw-deflate,ingress-0-1316b.bin,decompress,3,32768,0.4164,405.7,3.19,3.74,3.79,1.000,0.000
sw-deflate,ingress-0-1316b.bin,compress,3,65536,0.4164,133.3,9.85,10.24,10.24,1.001,0.000
sw-deflate,ingress-0-1316b.bin,decompress,3,65536,0.4164,404.8,3.20,3.76,3.76,1.000,0.000
sw-deflate,ingress-0-1316b.bin,compress,3,131072,0.4164,132.8,9.90,10.18,11.89,1.001,0.000
sw-deflate,ingress-0-1316b.bin,decompress,3,131072,0.4164,396.4,3.20,3.60,3.62,0.983,0.017
sw-deflate,ingress-0-1316b.bin,compress,3,0,0.4164,132.9,9.88,10.15,10.88,1.001,0.000
sw-deflate,ingress-0-1316b.bin,decompress,3,0,0.4164,410.0,3.18,3.55,3.57,1.000,0.000
sw-deflate,ingress-0-1316b.bin,compress,6,8192,0.4035,96.3,13.64,14.53,14.73,1.001,0.000
sw-deflate,ingress-0-1316b.bin,decompress,6,8192,0.4035,410.9,3.17,3.57,3.72,1.000,0.000
sw-deflate,ingress-0-1316b.bin,compress,6,16384,0.4035,96.3,13.60,14.61,18.60,1.001,0.000
sw-deflate,ingress-0-1316b.bin,decompress,6,16384,0.4035,412.8,3.13,3.53,3.69,1.000,0.000
sw-deflate,ingress-0-1316b.bin,compress,6,32768,0.4035,96.2,13.60,18.37,18.48,1.001,0.000
sw-deflate,ingress-0-1316b.bin,decompress,6,32768,0.4035,413.3,3.13,3.72,3.78,1.000,0.000
sw-deflate,ingress-0-1316b.bin,compress,6,65536,0.4035,96.2,13.61,16.96,17.51,1.001,0.000
sw-deflate,ingress-0-1316b.bin,decompress,6,65536,0.4035,416.1,3.12,3.61,3.62,1.000,0.000
sw-deflate,ingress-0-1316b.bin,compress,6,131072,0.4035,96.5,13.62,13.95,14.47,1.001,0.000
sw-deflate,ingress-0-1316b.bin,decompress,6,131072,0.4035,418.6,3.12,3.49,3.54,1.000,0.000
sw-deflate,ingress-0-1316b.bin,compress,6,0,0.4035,96.5,13.62,13.92,13.93,1.001,0.000
sw-deflate,ingress-0-1316b.bin,decompress,6,0,0.4035,414.0,3.13,3.48,3.50,1.000,0.000
sw-deflate,ingress-0-1316b.bin,compress,9,8192,0.4035,21.1,62.15,63.41,63.52,1.000,0.000
sw-deflate,ingress-0-1316b.bin,decompress,9,8192,0.4035,422.3,3.09,3.49,3.49,1.001,0.000
sw-deflate,ingress-0-1316b.bin,compress,9,16384,0.4035,21.2,62.09,63.34,63.47,1.000,0.000
sw-deflate,ingress-0-1316b.bin,decompress,9,16384,0.4035,419.7,3.12,3.43,3.50,1.000,0.000
sw-deflate,ingress-0-1316b.bin,compress,9,32768,0.4035,21.2,62.03,66.25,66.30,1.000,0.000
sw-deflate,ingress-0-1316b.bin,decompress,9,32768,0.4035,419.1,3.10,3.48,3.49,1.000,0.000
sw-deflate,ingress-0-1316b.bin,compress,9,65536,0.4035,21.2,62.06,66.58,66.79,1.000,0.000
sw-deflate,ingress-0-1316b.bin,decompress,9,65536,0.4035,423.9,3.09,3.48,3.48,1.000,0.000
sw-deflate,ingress-0-1316b.bin,compress,9,131072,0.4035,21.2,61.97,63.15,63.35,1.000,0.000
sw-deflate,ingress-0-1316b.bin,decompress,9,131072,0.4035,424.0,3.08,3.48,3.48,1.000,0.000
sw-deflate,ingress-0-1316b.bin,compress,9,0,0.4035,21.2,62.05,64.42,64.69,1.000,0.000
sw-deflate,ingress-0-1316b.bin,decompress,9,0,0.4035,422.3,3.09,3.44,3.49,1.000,0.000
sw-deflate,ingress-5-258999b.bin,compress,1,8192,0.0166,869.3,9.40,9.71,10.16,1.001,0.000
sw-deflate,ingress-5-258999b.bin,decompress,1,8192,0.0166,704.6,11.61,12.00,12.30,1.000,0.000
sw-deflate,ingress-5-258999b.bin,compress,1,16384,0.0854,746.4,21.92,23.61,23.72,1.001,0.000
sw-deflate,ingress-5-258999b.bin,decompress,1,16384,0.0854,1598.4,10.30,11.50,12.02,1.000,0.000
sw-deflate,ingress-5-258999b.bin,compress,1,32768,0.1375,648.6,50.32,52.47,54.72,0.998,0.002
sw-deflate,ingress-5-258999b.bin,decompress,1,32768,0.1375,1204.2,27.32,28.10,28.14,1.000,0.000
sw-deflate,ingress-5-258999b.bin,compress,1,65536,0.1635,590.9,110.79,112.42,114.71,1.000,0.000
sw-deflate,ingress-5-258999b.bin,decompress,1,65536,0.1635,1132.1,60.98,62.83,63.36,1.000,0.000
sw-deflate,ingress-5-258999b.bin,compress,1,131072,0.1746,530.3,247.06,251.33,251.72,1.000,0.000
sw-deflate,ingress-5-258999b.bin,decompress,1,131072,0.1746,949.1,138.26,141.53,141.58,1.000,0.000
sw-deflate,ingress-5-258999b.bin,compress,1,0,0.2696,385.7,670.83,681.09,681.24,1.000,0.000
sw-deflate,ingress-5-258999b.bin,decompress,1,0,0.2696,928.2,279.13,286.97,287.35,1.000,0.000
sw-deflate,ingress-5-258999b.bin,compress,3,8192,0.0166,583.8,14.02,14.86,14.97,1.001,0.000
sw-deflate,ingress-5-258999b.bin,decompress,3,8192,0.0166,701.7,11.61,11.95,14.55,1.000,0.000
sw-deflate,ingress-5-258999b.bin,compress,3,16384,0.0852,452.3,36.04,41.20,41.34,1.000,0.000
sw-deflate,ingress-5-258999b.bin,decompress,3,16384,0.0852,1598.6,10.29,10.55,11.01,1.000,0.000
sw-deflate,ingress-5-258999b.bin,compress,3,32768,0.1371,375.0,87.22,89.18,89.40,1.000,0.000
sw-deflate,ingress-5-258999b.bin,decompress,3,32768,0.1371,1202.4,27.19,28.07,28.38,1.000,0.000
sw-deflate,ingress-5-258999b.bin,compress,3,65536,0.1630,336.7,194.06,199.07,202.82,1.000,0.000
sw-deflate,ingress-5-258999b.bin,decompress,3,65536,0.1630,1144.9,55.74,62.73,62.79,1.000,0.000
sw-deflate,ingress-5-258999b.bin,compress,3,131072,0.1709,331.0,395.24,402.17,402.22,1.000,0.000
sw-deflate,ingress-5-258999b.bin,decompress,3,131072,0.1709,973.7,136.78,139.87,139.90,1.000,0.000
sw-deflate,ingress-5-258999b.bin,compress,3,0,0.2021,251.8,1027.97,1043.48,1044.21,1.000,0.000
sw-deflate,ingress-5-258999b.bin,decompress,3,0,0.2021,868.3,299.33,303.55,306.23,1.000,0.000
sw-deflate,ingress-5-258999b.bin,compress,6,8192,0.0166,567.5,14.43,15.19,15.26,1.001,0.000
sw-deflate,ingress-5-258999b.bin,decompress,6,8192,0.0166,703.1,11.64,11.96,12.47,1.000,0.000
sw-deflate,ingress-5-258999b.bin,compress,6,16384,0.0852,235.7,69.26,71.54,71.77,1.000,0.000
sw-deflate,ingress-5-258999b.bin,decompress,6,16384,0.0852,1619.6,10.07,11.47,11.72,1.000,0.000
sw-deflate,ingress-5-258999b.bin,compress,6,32768,0.1371,155.2,210.29,216.22,218.01,1.000,0.000
sw-deflate,ingress-5-258999b.bin,decompress,6,32768,0.1371,1307.8,24.60,27.55,27.63,1.000,0.000
sw-deflate,ingress-5-258999b.bin,compress,6,65536,0.1630,133.3,490.22,508.11,509.36,1.000,0.000
sw-deflate,ingress-5-258999b.bin,decompress,6,65536,0.1630,1105.2,60.69,62.60,62.65,1.000,0.000
sw-deflate,ingress-5-258999b.bin,compress,6,131072,0.1672,139.8,935.90,961.98,962.49,1.000,0.000
sw-deflate,ingress-5-258999b.bin,decompress,6,131072,0.1672,998.8,133.41,137.95,137.98,1.000,0.000
sw-deflate,ingress-5-258999b.bin,compress,6,0,0.1969,147.8,1750.91,1774.45,1778.46,1.000,0.000
sw-deflate,ingress-5-258999b.bin,decompress,6,0,0.1969,893.0,291.87,296.36,296.39,1.000,0.000
sw-deflate,ingress-5-258999b.bin,compress,9,8192,0.0166,580.2,14.11,14.79,15.03,1.001,0.000
sw-deflate,ingress-5-258999b.bin,decompress,9,8192,0.0166,703.9,11.62,12.31,12.44,1.000,0.000
sw-deflate,ingress-5-258999b.bin,compress,9,16384,0.0852,25.5,643.43,648.09,649.38,1.000,0.000
sw-deflate,ingress-5-258999b.bin,decompress,9,16384,0.0852,1659.2,9.83,10.46,10.47,1.000,0.000
sw-deflate,ingress-5-258999b.bin,compress,9,32768,0.1371,13.7,2396.85,2409.85,2410.31,1.000,0.000
sw-deflate,ingress-5-258999b.bin,decompress,9,32768,0.1371,1283.4,24.69,28.20,29.26,1.000,0.000
sw-deflate,ingress-5-258999b.bin,compress,9,65536,0.1630,11.1,5911.90,5934.83,5935.74,1.000,0.000
sw-deflate,ingress-5-258999b.bin,decompress,9,65536,0.1630,1110.6,60.77,61.64,61.87,1.000,0.000
sw-deflate,ingress-5-258999b.bin,compress,9,131072,0.1673,10.7,12193.16,12240.04,12244.63,1.000,0.000
sw-deflate,ingress-5-258999b.bin,decompress,9,131072,0.1673,1007.9,131.86,135.48,135.69,1.000,0.000
sw-deflate,ingress-5-258999b.bin,compress,9,0,0.1974,15.7,16451.32,16498.68,16499.60,1.000,0.000
sw-deflate,ingress-5-258999b.bin,decompress,9,0,0.1974,892.0,291.59,297.24,297.87,1.000,0.000
sw-deflate,ingress-1-3781b.bin,compress,1,8192,0.4147,312.2,12.08,12.45,13.21,1.001,0.000
sw-deflate,ingress-1-3781b.bin,decompress,1,8192,0.4147,548.0,6.91,7.08,7.80,0.999,0.001
sw-deflate,ingress-1-3781b.bin,compress,1,16384,0.4147,313.3,12.06,12.34,12.79,1.002,0.000
sw-deflate,ingress-1-3781b.bin,decompress,1,16384,0.4147,549.9,6.87,7.09,7.09,1.000,0.000
sw-deflate,ingress-1-3781b.bin,compress,1,32768,0.4147,313.7,12.03,12.78,12.83,1.002,0.000
sw-deflate,ingress-1-3781b.bin,decompress,1,32768,0.4147,550.5,6.86,7.05,7.10,1.000,0.000
sw-deflate,ingress-1-3781b.bin,compress,1,65536,0.4147,313.8,12.02,12.94,12.98,1.002,0.000
sw-deflate,ingress-1-3781b.bin,decompress,1,65536,0.4147,549.2,6.90,7.05,7.13,1.000,0.000
sw-deflate,ingress-1-3781b.bin,compress,1,131072,0.4147,313.5,12.02,12.32,13.94,1.002,0.000
sw-deflate,ingress-1-3781b.bin,decompress,1,131072,0.4147,549.0,6.88,7.09,8.23,1.000,0.000
sw-deflate,ingress-1-3781b.bin,compress,1,0,0.4147,313.8,12.02,12.35,13.89,1.001,0.000
sw-deflate,ingress-1-3781b.bin,decompress,1,0,0.4147,549.4,6.85,7.08,7.12,1.000,0.000
sw-deflate,ingress-1-3781b.bin,compress,3,8192,0.3639,210.0,17.98,18.99,19.20,1.001,0.000
sw-deflate,ingress-1-3781b.bin,decompress,3,8192,0.3639,583.8,6.44,6.82,7.18,1.000,0.000
sw-deflate,ingress-1-3781b.bin,compress,3,16384,0.3639,209.9,17.97,18.93,18.94,1.001,0.000
sw-deflate,ingress-1-3781b.bin,decompress,3,16384,0.3639,584.9,6.45,6.69,6.71,1.000,0.000
sw-deflate,ingress-1-3781b.bin,compress,3,32768,0.3639,209.7,18.00,19.02,19.05,1.001,0.000
sw-deflate,ingress-1-3781b.bin,decompress,3,32768,0.3639,581.3,6.47,7.15,7.30,1.000,0.000
sw-deflate,ingress-1-3781b.bin,compress,3,65536,0.3639,209.6,18.01,18.90,18.97,1.001,0.000
sw-deflate,ingress-1-3781b.bin,decompress,3,65536,0.3639,585.2,6.45,6.74,6.79,1.000,0.000
sw-deflate,ingress-1-3781b.bin,compress,3,131072,0.3639,208.7,18.00,18.97,20.17,1.001,0.000
sw-deflate,ingress-1-3781b.bin,decompress,3,131072,0.3639,583.1,6.45,6.71,7.98,1.000,0.000
sw-deflate,ingress-1-3781b.bin,compress,3,0,0.3639,209.6,18.01,19.59,19.98,1.001,0.000
sw-deflate,ingress-1-3781b.bin,decompress,3,0,0.3639,586.7,6.42,6.70,6.71,1.000,0.000
sw-deflate,ingress-1-3781b.bin,compress,6,8192,0.3362,130.2,29.01,30.26,30.27,1.000,0.000
sw-deflate,ingress-1-3781b.bin,decompress,6,8192,0.3362,594.6,6.32,6.56,6.59,1.000,0.000
sw-deflate,ingress-1-3781b.bin,compress,6,16384,0.3362,129.5,29.05,33.69,33.96,1.001,0.000
sw-deflate,ingress-1-3781b.bin,decompress,6,16384,0.3362,594.6,6.33,6.53,6.53,1.000,0.000
sw-deflate,ingress-1-3781b.bin,compress,6,32768,0.3362,129.9,29.02,30.23,33.88,1.000,0.000
sw-deflate,ingress-1-3781b.bin,decompress,6,32768,0.3362,592.9,6.36,6.57,6.58,1.000,0.000
sw-deflate,ingress-1-3781b.bin,compress,6,65536,0.3362,130.3,28.99,30.19,30.25,1.000,0.000
sw-deflate,ingress-1-3781b.bin,decompress,6,65536,0.3362,592.2,6.35,6.62,7.27,1.000,0.000
sw-deflate,ingress-1-3781b.bin,compress,6,131072,0.3362,130.1,29.02,30.27,30.35,1.000,0.000
sw-deflate,ingress-1-3781b.bin,decompress,6,131072,0.3362,592.1,6.37,6.59,6.61,1.000,0.000
sw-deflate,ingress-1-3781b.bin,compress,6,0,0.3362,130.2,28.98,30.29,30.68,1.000,0.000
sw-deflate,ingress-1-3781b.bin,decompress,6,0,0.3362,597.6,6.31,6.51,6.52,1.000,0.000
sw-deflate,ingress-1-3781b.bin,compress,9,8192,0.3359,15.6,242.60,248.52,249.31,1.000,0.000
sw-deflate,ingress-1-3781b.bin,decompress,9,8192,0.3359,588.9,6.42,6.59,6.60,1.000,0.000
sw-deflate,ingress-1-3781b.bin,compress,9,16384,0.3359,15.6,242.58,246.14,246.98,1.000,0.000
sw-deflate,ingress-1-3781b.bin,decompress,9,16384,0.3359,592.7,6.37,6.60,6.62,1.000,0.000
sw-deflate,ingress-1-3781b.bin,compress,9,32768,0.3359,15.6,242.59,246.01,249.05,1.000,0.000
sw-deflate,ingress-1-3781b.bin,decompress,9,32768,0.3359,592.3,6.38,6.54,6.59,1.000,0.000
sw-deflate,ingress-1-3781b.bin,compress,9,65536,0.3359,15.6,242.49,247.25,248.56,1.000,0.000
sw-deflate,ingress-1-3781b.bin,decompress,9,65536,0.3359,591.8,6.39,6.52,7.26,1.000,0.000
sw-deflate,ingress-1-3781b.bin,compress,9,131072,0.3359,15.6,242.51,247.35,247.51,1.000,0.000
sw-deflate,ingress-1-3781b.bin,decompress,9,131072,0.3359,594.5,6.36,6.54,6.57,1.000,0.000
sw-deflate,ingress-1-3781b.bin,compress,9,0,0.3359,15.6,242.55,246.63,248.69,1.000,0.000
sw-deflate,ingress-1-3781b.bin,decompress,9,0,0.3359,591.2,6.38,6.57,7.93,1.000,0.000
sw-deflate,ingress-7-1292095b.bin,compress,1,8192,0.0170,853.3,9.57,9.95,11.17,1.001,0.000
sw-deflate,ingress-7-1292095b.bin,decompress,1,8192,0.0170,705.9,11.59,11.93,13.00,1.000,0.000
sw-deflate,ingress-7-1292095b.bin,compress,1,16384,0.0096,1090.1,15.01,15.88,16.18,1.001,0.000
sw-deflate,ingress-7-1292095b.bin,decompress,1,16384,0.0096,757.4,21.55,22.97,26.01,1.000,0.000
sw-deflate,ingress-7-1292095b.bin,compress,1,32768,0.0055,1272.0,25.73,26.80,26.82,1.000,0.000
sw-deflate,ingress-7-1292095b.bin,decompress,1,32768,0.0055,1145.4,28.55,29.45,29.60,1.000,0.000
sw-deflate,ingress-7-1292095b.bin,compress,1,65536,0.0571,994.7,65.77,68.20,68.25,1.000,0.000
sw-deflate,ingress-7-1292095b.bin,decompress,1,65536,0.0571,2446.0,27.20,29.72,32.17,1.000,0.000
sw-deflate,ingress-7-1292095b.bin,compress,1,131072,0.1234,683.8,191.63,194.61,197.28,1.000,0.000
sw-deflate,ingress-7-1292095b.bin,decompress,1,131072,0.1234,1443.6,90.99,96.39,96.47,1.000,0.000
sw-deflate,ingress-7-1292095b.bin,compress,1,0,0.2455,392.8,3288.96,3329.36,3331.08,1.000,0.000
sw-deflate,ingress-7-1292095b.bin,decompress,1,0,0.2455,1028.7,1248.37,1305.33,1305.73,1.000,0.000
sw-deflate,ingress-7-1292095b.bin,compress,3,8192,0.0170,585.5,13.96,14.79,15.09,1.001,0.000
sw-deflate,ingress-7-1292095b.bin,decompress,3,8192,0.0170,704.0,11.62,12.41,12.56,1.000,0.000
sw-deflate,ingress-7-1292095b.bin,compress,3,16384,0.0096,745.2,21.96,22.83,23.19,1.000,0.000
sw-deflate,ingress-7-1292095b.bin,decompress,3,16384,0.0096,757.0,21.62,22.40,22.44,1.000,0.000
sw-deflate,ingress-7-1292095b.bin,compress,3,32768,0.0055,882.6,37.08,38.22,38.31,1.000,0.000
sw-deflate,ingress-7-1292095b.bin,decompress,3,32768,0.0055,1140.6,28.59,33.37,33.50,1.000,0.000
sw-deflate,ingress-7-1292095b.bin,compress,3,65536,0.0496,592.2,110.45,112.25,115.08,1.000,0.000
sw-deflate,ingress-7-1292095b.bin,decompress,3,65536,0.0496,2315.3,28.64,30.04,32.45,1.000,0.000
sw-deflate,ingress-7-1292095b.bin,compress,3,131072,0.1192,398.2,328.56,334.44,334.65,1.000,0.000
sw-deflate,ingress-7-1292095b.bin,decompress,3,131072,0.1192,1481.6,86.65,97.52,97.61,1.000,0.000
sw-deflate,ingress-7-1292095b.bin,compress,3,0,0.1800,298.1,4331.42,4366.44,4368.62,1.000,0.000
sw-deflate,ingress-7-1292095b.bin,decompress,3,0,0.1800,1030.6,1253.89,1292.60,1295.35,1.000,0.000
sw-deflate,ingress-7-1292095b.bin,compress,6,8192,0.0170,570.8,14.35,15.10,15.53,1.001,0.000
sw-deflate,ingress-7-1292095b.bin,decompress,6,8192,0.0170,705.3,11.60,12.33,12.39,1.000,0.000
sw-deflate,ingress-7-1292095b.bin,compress,6,16384,0.0096,718.3,22.81,23.89,23.98,1.000,0.000
sw-deflate,ingress-7-1292095b.bin,decompress,6,16384,0.0096,759.1,21.54,22.47,22.80,1.000,0.000
sw-deflate,ingress-7-1292095b.bin,compress,6,32768,0.0055,846.9,38.71,40.58,40.72,1.000,0.000
sw-deflate,ingress-7-1292095b.bin,decompress,6,32768,0.0055,1144.4,28.60,29.42,29.43,1.000,0.000
sw-deflate,ingress-7-1292095b.bin,compress,6,65536,0.0495,332.6,196.71,202.77,203.37,1.000,0.000
sw-deflate,ingress-7-1292095b.bin,decompress,6,65536,0.0495,2311.7,28.57,29.75,33.82,1.000,0.000
sw-deflate,ingress-7-1292095b.bin,compress,6,131072,0.1191,171.3,764.83,783.92,785.53,1.000,0.000
sw-deflate,ingress-7-1292095b.bin,decompress,6,131072,0.1191,1455.3,89.04,97.42,97.72,1.000,0.000
sw-deflate,ingress-7-1292095b.bin,compress,6,0,0.1776,157.2,8217.33,8272.84,8274.90,1.000,0.000
sw-deflate,ingress-7-1292095b.bin,decompress,6,0,0.1776,1060.5,1223.04,1246.99,1248.26,1.000,0.000
sw-deflate,ingress-7-1292095b.bin,compress,9,8192,0.0170,579.8,14.06,15.84,18.50,1.001,0.000
sw-deflate,ingress-7-1292095b.bin,decompress,9,8192,0.0170,702.4,11.63,12.03,12.52,1.000,0.000
sw-deflate,ingress-7-1292095b.bin,compress,9,16384,0.0096,740.2,22.12,22.96,23.02,1.000,0.000
sw-deflate,ingress-7-1292095b.bin,decompress,9,16384,0.0096,755.7,21.59,25.09,26.90,1.000,0.000
sw-deflate,ingress-7-1292095b.bin,compress,9,32768,0.0055,873.4,37.36,42.33,42.81,1.000,0.000
sw-deflate,ingress-7-1292095b.bin,decompress,9,32768,0.0055,1141.4,28.65,30.93,30.98,1.000,0.000
sw-deflate,ingress-7-1292095b.bin,compress,9,65536,0.0495,36.6,1788.62,1797.56,1797.99,1.000,0.000
sw-deflate,ingress-7-1292095b.bin,decompress,9,65536,0.0495,2264.3,29.03,34.02,34.05,1.000,0.000
sw-deflate,ingress-7-1292095b.bin,compress,9,131072,0.1191,14.9,8806.91,8849.52,8849.78,1.000,0.000
sw-deflate,ingress-7-1292095b.bin,decompress,9,131072,0.1191,1410.2,92.72,99.09,99.09,1.000,0.000
sw-deflate,ingress-7-1292095b.bin,compress,9,0,0.1773,15.4,83778.25,83904.34,83904.35,1.000,0.000
sw-deflate,ingress-7-1292095b.bin,decompress,9,0,0.1773,1064.9,1216.89,1249.33,1253.15,1.000,0.000
sw-deflate,egress-2-12553b.bin,compress,1,8192,0.2582,410.7,19.88,21.62,22.08,1.001,0.000
sw-deflate,egress-2-12553b.bin,decompress,1,8192,0.2582,707.0,11.56,12.08,13.56,1.000,0.000
sw-deflate,egress-2-12553b.bin,compress,1,16384,0.3797,440.1,28.46,30.55,30.66,1.001,0.000
sw-deflate,egress-2-12553b.bin,decompress,1,16384,0.3797,676.3,18.50,19.53,19.97,1.000,0.000
sw-deflate,egress-2-12553b.bin,compress,1,32768,0.3797,441.6,28.40,29.24,29.34,1.001,0.000
sw-deflate,egress-2-12553b.bin,decompress,1,32768,0.3797,673.7,18.60,19.19,19.42,1.000,0.000
sw-deflate,egress-2-12553b.bin,compress,1,65536,0.3797,440.1,28.43,31.89,32.29,1.001,0.000
sw-deflate,egress-2-12553b.bin,decompress,1,65536,0.3797,672.9,18.60,20.15,21.75,1.000,0.000
sw-deflate,egress-2-12553b.bin,compress,1,131072,0.3797,440.7,28.45,29.62,29.81,1.001,0.000
sw-deflate,egress-2-12553b.bin,decompress,1,131072,0.3797,673.5,18.55,19.77,22.50,1.000,0.000
sw-deflate,egress-2-12553b.bin,compress,1,0,0.3797,440.6,28.46,29.59,29.61,1.001,0.000
sw-deflate,egress-2-12553b.bin,decompress,1,0,0.3797,676.1,18.51,19.92,20.38,1.000,0.000
sw-deflate,egress-2-12553b.bin,compress,3,8192,0.2125,260.2,31.41,33.19,33.64,1.000,0.000
sw-deflate,egress-2-12553b.bin,decompress,3,8192,0.2125,737.6,11.07,12.05,12.32,1.000,0.000
sw-deflate,egress-2-12553b.bin,compress,3,16384,0.3249,282.7,44.30,46.09,46.13,1.000,0.000
sw-deflate,egress-2-12553b.bin,decompress,3,16384,0.3249,754.0,16.61,17.25,17.58,1.000,0.000
sw-deflate,egress-2-12553b.bin,compress,3,32768,0.3249,282.8,44.25,46.76,46.90,1.000,0.000
sw-deflate,egress-2-12553b.bin,decompress,3,32768,0.3249,749.5,16.68,18.28,18.69,1.000,0.000
sw-deflate,egress-2-12553b.bin,compress,3,65536,0.3249,281.9,44.36,48.59,49.10,1.000,0.000
sw-deflate,egress-2-12553b.bin,decompress,3,65536,0.3249,752.2,16.56,20.97,21.25,1.000,0.000
sw-deflate,egress-2-12553b.bin,compress,3,131072,0.3249,282.3,44.35,46.09,48.93,1.000,0.000
sw-deflate,egress-2-12553b.bin,decompress,3,131072,0.3249,746.8,16.83,17.67,17.80,1.000,0.000
sw-deflate,egress-2-12553b.bin,compress,3,0,0.3249,283.0,44.24,45.62,46.01,1.000,0.000
sw-deflate,egress-2-12553b.bin,decompress,3,0,0.3249,755.5,16.60,17.31,17.45,1.000,0.000
sw-deflate,egress-2-12553b.bin,compress,6,8192,0.2103,125.7,64.88,70.08,70.30,1.000,0.000
sw-deflate,egress-2-12553b.bin,decompress,6,8192,0.2103,784.4,10.35,10.83,11.12,1.000,0.000
sw-deflate,egress-2-12553b.bin,compress,6,16384,0.2903,155.6,80.34,85.32,86.15,1.000,0.000
sw-deflate,egress-2-12553b.bin,decompress,6,16384,0.2903,745.6,16.78,19.36,20.88,1.000,0.000
sw-deflate,egress-2-12553b.bin,compress,6,32768,0.2903,156.9,79.92,81.28,81.29,1.000,0.000
sw-deflate,egress-2-12553b.bin,decompress,6,32768,0.2903,753.0,16.64,17.25,17.26,1.000,0.000
sw-deflate,egress-2-12553b.bin,compress,6,65536,0.2903,156.4,80.15,82.48,82.65,1.000,0.000
sw-deflate,egress-2-12553b.bin,decompress,6,65536,0.2903,749.0,16.73,18.17,18.48,1.000,0.000
sw-deflate,egress-2-12553b.bin,compress,6,131072,0.2903,156.2,80.27,82.16,82.48,1.000,0.000
sw-deflate,egress-2-12553b.bin,decompress,6,131072,0.2903,751.5,16.59,17.70,19.68,1.000,0.000
sw-deflate,egress-2-12553b.bin,compress,6,0,0.2903,156.3,80.23,81.82,82.26,1.000,0.000
sw-deflate,egress-2-12553b.bin,decompress,6,0,0.2903,751.3,16.67,17.79,20.24,1.000,0.000
sw-deflate,egress-2-12553b.bin,compress,9,8192,0.2108,9.4,868.23,874.07,874.49,1.000,0.000
sw-deflate,egress-2-12553b.bin,decompress,9,8192,0.2108,770.8,10.63,11.09,11.45,1.000,0.000
sw-deflate,egress-2-12553b.bin,compress,9,16384,0.2890,14.1,886.54,895.72,901.07,1.000,0.000
sw-deflate,egress-2-12553b.bin,decompress,9,16384,0.2890,755.9,16.57,17.36,20.12,1.000,0.000
sw-deflate,egress-2-12553b.bin,compress,9,32768,0.2890,14.2,886.69,891.84,892.17,1.000,0.000
sw-deflate,egress-2-12553b.bin,decompress,9,32768,0.2890,760.4,16.48,17.31,17.33,1.000,0.000
sw-deflate,egress-2-12553b.bin,compress,9,65536,0.2890,14.2,886.64,893.33,894.32,1.000,0.000
sw-deflate,egress-2-12553b.bin,decompress,9,65536,0.2890,753.4,16.65,17.54,18.14,1.000,0.000
sw-deflate,egress-2-12553b.bin,compress,9,131072,0.2890,14.2,886.67,892.77,892.83,1.000,0.000
sw-deflate,egress-2-12553b.bin,decompress,9,131072,0.2890,754.7,16.61,18.25,18.62,1.000,0.000
sw-deflate,egress-2-12553b.bin,compress,9,0,0.2890,14.1,886.58,892.89,893.30,1.000,0.000
sw-deflate,egress-2-12553b.bin,decompress,9,0,0.2890,755.4,16.59,17.36,17.37,1.000,0.000
sw-deflate,egress-7-423691b.bin,compress,1,8192,0.1992,412.7,19.82,20.91,21.39,1.001,0.000
sw-deflate,egress-7-423691b.bin,decompress,1,8192,0.1992,920.3,8.87,9.23,10.64,1.000,0.000
sw-deflate,egress-7-423691b.bin,compress,1,16384,0.2024,487.7,33.56,34.60,35.45,1.000,0.000
sw-deflate,egress-7-423691b.bin,decompress,1,16384,0.2024,1026.1,15.94,16.97,17.06,1.000,0.000
sw-deflate,egress-7-423691b.bin,compress,1,32768,0.1994,523.0,62.51,66.79,66.79,1.000,0.000
sw-deflate,egress-7-423691b.bin,decompress,1,32768,0.1994,992.3,34.03,34.92,35.34,1.001,0.000
sw-deflate,egress-7-423691b.bin,compress,1,65536,0.1952,523.2,125.16,127.66,127.87,1.000,0.000
sw-deflate,egress-7-423691b.bin,decompress,1,65536,0.1952,1065.1,60.31,68.14,68.24,1.000,0.000
sw-deflate,egress-7-423691b.bin,compress,1,131072,0.1925,517.9,252.85,258.04,258.27,1.000,0.000
sw-deflate,egress-7-423691b.bin,decompress,1,131072,0.1925,1035.8,127.41,136.23,136.72,1.000,0.000
sw-deflate,egress-7-423691b.bin,compress,1,0,0.2667,383.6,1103.87,1118.25,1118.72,1.000,0.000
sw-deflate,egress-7-423691b.bin,decompress,1,0,0.2667,975.4,434.29,446.88,448.06,1.000,0.000
sw-deflate,egress-7-423691b.bin,compress,3,8192,0.1577,285.2,28.69,29.73,29.74,1.000,0.000
sw-deflate,egress-7-423691b.bin,decompress,3,8192,0.1577,1006.2,7.97,8.66,8.67,1.000,0.000
sw-deflate,egress-7-423691b.bin,compress,3,16384,0.1732,300.3,54.28,58.54,60.85,0.999,0.001
sw-deflate,egress-7-423691b.bin,decompress,3,16384,0.1732,1017.0,16.28,17.41,17.74,1.000,0.000
sw-deflate,egress-7-423691b.bin,compress,3,32768,0.1809,308.1,106.19,108.07,108.14,1.000,0.000
sw-deflate,egress-7-423691b.bin,decompress,3,32768,0.1809,1011.6,33.75,34.76,35.02,1.000,0.000
sw-deflate,egress-7-423691b.bin,compress,3,65536,0.1848,303.8,214.95,221.25,221.85,1.000,0.000
sw-deflate,egress-7-423691b.bin,decompress,3,65536,0.1848,1054.5,59.98,68.67,68.86,1.000,0.000
sw-deflate,egress-7-423691b.bin,compress,3,131072,0.1868,302.8,432.39,439.07,440.28,1.000,0.000
sw-deflate,egress-7-423691b.bin,decompress,3,131072,0.1868,1024.7,128.87,137.20,137.43,1.000,0.000
sw-deflate,egress-7-423691b.bin,compress,3,0,0.1995,264.5,1600.12,1620.41,1620.87,1.000,0.000
sw-deflate,egress-7-423691b.bin,decompress,3,0,0.1995,1025.5,414.22,425.82,426.00,1.000,0.000
sw-deflate,egress-7-423691b.bin,compress,6,8192,0.1573,132.4,61.62,66.45,66.52,1.000,0.000
sw-deflate,egress-7-423691b.bin,decompress,6,8192,0.1573,1017.6,8.01,8.95,12.54,1.000,0.000
sw-deflate,egress-7-423691b.bin,compress,6,16384,0.1730,125.5,130.52,132.59,132.79,1.000,0.000
sw-deflate,egress-7-423691b.bin,decompress,6,16384,0.1730,1003.2,16.66,19.04,20.01,1.000,0.000
sw-deflate,egress-7-423691b.bin,compress,6,32768,0.1808,121.8,269.06,275.51,277.26,1.000,0.000
sw-deflate,egress-7-423691b.bin,decompress,6,32768,0.1808,1031.1,30.31,34.53,34.92,1.000,0.000
sw-deflate,egress-7-423691b.bin,compress,6,65536,0.1848,118.9,550.97,558.65,562.09,1.000,0.000
sw-deflate,egress-7-423691b.bin,decompress,6,65536,0.1848,998.5,65.39,68.18,68.22,1.000,0.000
sw-deflate,egress-7-423691b.bin,compress,6,131072,0.1868,117.7,1115.03,1142.17,1145.49,1.000,0.000
sw-deflate,egress-7-423691b.bin,decompress,6,131072,0.1868,1060.9,122.89,137.83,138.33,1.000,0.000
sw-deflate,egress-7-423691b.bin,compress,6,0,0.1994,142.4,2974.73,3019.50,3023.84,1.000,0.000
sw-deflate,egress-7-423691b.bin,decompress,6,0,0.1994,1035.1,407.88,421.94,422.39,1.000,0.000
sw-deflate,egress-7-423691b.bin,compress,9,8192,0.1575,9.9,825.76,831.18,831.25,1.000,0.000
sw-deflate,egress-7-423691b.bin,decompress,9,8192,0.1575,975.0,8.39,8.93,8.93,1.000,0.000
sw-deflate,egress-7-423691b.bin,compress,9,16384,0.1730,9.7,1696.67,1705.98,1707.31,1.000,0.000
sw-deflate,egress-7-423691b.bin,decompress,9,16384,0.1730,1012.3,16.15,17.19,17.19,1.000,0.000
sw-deflate,egress-7-423691b.bin,compress,9,32768,0.1808,9.5,3439.51,3455.69,3455.88,1.000,0.000
sw-deflate,egress-7-423691b.bin,decompress,9,32768,0.1808,1000.4,32.41,35.05,35.38,1.000,0.000
sw-deflate,egress-7-423691b.bin,compress,9,65536,0.1848,9.4,6944.68,6969.74,6970.72,1.000,0.000
sw-deflate,egress-7-423691b.bin,decompress,9,65536,0.1848,1013.2,64.38,70.82,71.28,1.000,0.000
sw-deflate,egress-7-423691b.bin,compress,9,131072,0.1868,9.4,13961.17,14006.75,14016.62,1.000,0.000
sw-deflate,egress-7-423691b.bin,decompress,9,131072,0.1868,1006.4,129.86,140.58,141.67,1.000,0.000
sw-deflate,egress-7-423691b.bin,compress,9,0,0.1993,15.1,28062.18,28118.17,28118.51,1.000,0.000
sw-deflate,egress-7-423691b.bin,decompress,9,0,0.1993,1034.4,410.12,419.55,419.88,1.000,0.000
sw-deflate,egress-5-206881b.bin,compress,1,8192,0.2233,418.7,19.52,20.43,20.55,1.001,0.000
sw-deflate,egress-5-206881b.bin,decompress,1,8192,0.2233,823.4,9.93,10.40,11.58,1.000,0.000
sw-deflate,egress-5-206881b.bin,compress,1,16384,0.2149,492.0,33.25,35.09,35.33,1.000,0.000
sw-deflate,egress-5-206881b.bin,decompress,1,16384,0.2149,955.5,16.89,18.53,18.58,1.000,0.000
sw-deflate,egress-5-206881b.bin,compress,1,32768,0.2047,528.4,61.94,63.10,63.11,1.000,0.000
sw-deflate,egress-5-206881b.bin,decompress,1,32768,0.2047,998.9,31.57,36.32,36.39,1.000,0.000
sw-deflate,egress-5-206881b.bin,compress,1,65536,0.1992,528.8,123.61,129.87,130.55,0.999,0.001
sw-deflate,egress-5-206881b.bin,decompress,1,65536,0.1992,1045.3,61.28,68.90,69.01,1.000,0.000
sw-deflate,egress-5-206881b.bin,compress,1,131072,0.2100,501.4,261.12,265.40,265.65,0.999,0.001
sw-deflate,egress-5-206881b.bin,decompress,1,131072,0.2100,972.3,135.28,140.31,140.35,1.000,0.000
sw-deflate,egress-5-206881b.bin,compress,1,0,0.2961,371.7,556.39,562.92,563.65,1.000,0.000
sw-deflate,egress-5-206881b.bin,decompress,1,0,0.2961,931.2,222.09,230.69,236.83,0.999,0.001
sw-deflate,egress-5-206881b.bin,compress,3,8192,0.1818,264.1,30.93,32.15,34.38,1.001,0.000
sw-deflate,egress-5-206881b.bin,decompress,3,8192,0.1818,931.1,8.65,9.51,9.57,1.000,0.000
sw-deflate,egress-5-206881b.bin,compress,3,16384,0.1851,290.7,56.27,58.26,58.60,1.000,0.000
sw-deflate,egress-5-206881b.bin,decompress,3,16384,0.1851,907.1,18.09,20.85,26.89,0.997,0.003
sw-deflate,egress-5-206881b.bin,compress,3,32768,0.1868,302.5,108.13,111.13,111.25,1.000,0.000
sw-deflate,egress-5-206881b.bin,decompress,3,32768,0.1868,1006.9,30.93,36.00,39.68,1.000,0.000
sw-deflate,egress-5-206881b.bin,compress,3,65536,0.1883,302.1,216.60,221.54,222.65,1.000,0.000
sw-deflate,egress-5-206881b.bin,decompress,3,65536,0.1883,1029.0,62.60,70.17,70.92,1.000,0.000
sw-deflate,egress-5-206881b.bin,compress,3,131072,0.1957,300.2,435.89,445.73,446.49,1.000,0.000
sw-deflate,egress-5-206881b.bin,decompress,3,131072,0.1957,1054.1,125.19,130.69,130.89,1.000,0.000
sw-deflate,egress-5-206881b.bin,compress,3,0,0.2239,233.6,885.09,900.13,900.18,1.000,0.000
sw-deflate,egress-5-206881b.bin,decompress,3,0,0.2239,918.8,226.50,231.44,232.47,1.000,0.000
sw-deflate,egress-5-206881b.bin,compress,6,8192,0.1810,118.1,69.26,71.21,71.42,1.000,0.000
sw-deflate,egress-5-206881b.bin,decompress,6,8192,0.1810,894.8,9.19,9.49,9.81,1.000,0.000
sw-deflate,egress-5-206881b.bin,compress,6,16384,0.1848,118.7,138.01,141.37,141.58,1.000,0.000
sw-deflate,egress-5-206881b.bin,decompress,6,16384,0.1848,920.2,17.77,18.30,18.46,1.000,0.000
sw-deflate,egress-5-206881b.bin,compress,6,32768,0.1866,118.1,277.25,283.34,286.94,1.000,0.000
sw-deflate,egress-5-206881b.bin,decompress,6,32768,0.1866,936.1,34.83,39.25,39.28,1.000,0.000
sw-deflate,egress-5-206881b.bin,compress,6,65536,0.1882,117.5,558.27,564.09,564.21,1.000,0.000
sw-deflate,egress-5-206881b.bin,decompress,6,65536,0.1882,1020.5,63.13,70.05,70.31,1.000,0.000
sw-deflate,egress-5-206881b.bin,compress,6,131072,0.1955,120.0,1092.23,1113.46,1114.32,1.000,0.000
sw-deflate,egress-5-206881b.bin,decompress,6,131072,0.1955,1038.5,128.33,133.36,134.34,1.000,0.000
sw-deflate,egress-5-206881b.bin,compress,6,0,0.2236,129.9,1592.80,1611.53,1613.11,1.000,0.000
sw-deflate,egress-5-206881b.bin,decompress,6,0,0.2236,917.1,227.78,231.44,232.04,1.000,0.000
sw-deflate,egress-5-206881b.bin,compress,9,8192,0.1813,8.8,925.68,931.02,931.03,1.000,0.000
sw-deflate,egress-5-206881b.bin,decompress,9,8192,0.1813,876.5,9.33,9.69,10.42,1.000,0.000
sw-deflate,egress-5-206881b.bin,compress,9,16384,0.1849,9.1,1796.58,1806.87,1807.96,1.000,0.000
sw-deflate,egress-5-206881b.bin,decompress,9,16384,0.1849,920.9,17.68,19.12,19.13,1.000,0.000
sw-deflate,egress-5-206881b.bin,compress,9,32768,0.1866,9.3,3538.38,3554.45,3557.64,1.000,0.000
sw-deflate,egress-5-206881b.bin,decompress,9,32768,0.1866,966.1,33.85,35.26,35.41,1.000,0.000
sw-deflate,egress-5-206881b.bin,compress,9,65536,0.1883,9.3,7037.53,7068.41,7069.23,1.000,0.000
sw-deflate,egress-5-206881b.bin,decompress,9,65536,0.1883,988.4,66.65,70.53,70.55,1.000,0.000
sw-deflate,egress-5-206881b.bin,compress,9,131072,0.1967,9.9,13232.35,13289.92,13295.69,1.000,0.000
sw-deflate,egress-5-206881b.bin,decompress,9,131072,0.1967,1039.4,126.10,131.03,131.18,1.000,0.000
sw-deflate,egress-5-206881b.bin,compress,9,0,0.2229,15.0,13761.18,13800.60,13802.59,1.000,0.000
sw-deflate,egress-5-206881b.bin,decompress,9,0,0.2229,916.7,225.59,231.19,231.80,1.000,0.000
sw-deflate,egress-4-93392b.bin,compress,1,8192,0.1862,442.1,18.43,22.85,22.93,1.001,0.000
sw-deflate,egress-4-93392b.bin,decompress,1,8192,0.1862,894.0,9.03,9.95,10.89,1.000,0.000
sw-deflate,egress-4-93392b.bin,compress,1,16384,0.1878,505.0,32.39,34.26,34.32,1.000,0.000
sw-deflate,egress-4-93392b.bin,decompress,1,16384,0.1878,964.7,16.56,18.68,18.71,1.000,0.000
sw-deflate,egress-4-93392b.bin,compress,1,32768,0.1964,540.5,60.57,61.75,61.91,1.000,0.000
sw-deflate,egress-4-93392b.bin,decompress,1,32768,0.1964,986.5,32.13,36.61,37.88,1.000,0.000
sw-deflate,egress-4-93392b.bin,compress,1,65536,0.2251,546.5,119.45,124.96,125.94,1.000,0.000
sw-deflate,egress-4-93392b.bin,decompress,1,65536,0.2251,912.4,70.82,74.84,74.93,1.000,0.000
sw-deflate,egress-4-93392b.bin,compress,1,131072,0.3307,370.4,251.64,257.02,257.06,1.000,0.000
sw-deflate,egress-4-93392b.bin,decompress,1,131072,0.3307,825.0,114.09,116.14,116.29,1.000,0.000
sw-deflate,egress-4-93392b.bin,compress,1,0,0.3307,370.3,251.94,257.22,258.28,1.000,0.000
sw-deflate,egress-4-93392b.bin,decompress,1,0,0.3307,830.8,111.42,115.39,115.55,1.000,0.000
sw-deflate,egress-4-93392b.bin,compress,3,8192,0.1854,259.5,31.45,33.40,33.70,1.000,0.000
sw-deflate,egress-4-93392b.bin,decompress,3,8192,0.1854,840.1,9.72,10.22,10.52,1.000,0.000
sw-deflate,egress-4-93392b.bin,compress,3,16384,0.1871,285.1,57.25,62.24,62.48,1.001,0.000
sw-deflate,egress-4-93392b.bin,decompress,3,16384,0.1871,996.1,16.32,17.30,18.83,1.000,0.000
sw-deflate,egress-4-93392b.bin,compress,3,32768,0.1897,304.0,107.40,110.08,110.29,1.000,0.000
sw-deflate,egress-4-93392b.bin,decompress,3,32768,0.1897,1002.2,31.89,34.93,35.52,1.000,0.000
sw-deflate,egress-4-93392b.bin,compress,3,65536,0.1941,322.2,202.63,207.94,208.12,1.000,0.000
sw-deflate,egress-4-93392b.bin,decompress,3,65536,0.1941,1028.7,64.44,66.56,66.85,1.000,0.000
sw-deflate,egress-4-93392b.bin,compress,3,131072,0.2651,199.4,468.31,475.14,475.36,1.000,0.000
sw-deflate,egress-4-93392b.bin,decompress,3,131072,0.2651,814.1,115.23,119.43,119.55,1.000,0.000
sw-deflate,egress-4-93392b.bin,compress,3,0,0.2651,199.3,468.69,474.65,475.31,1.000,0.000
sw-deflate,egress-4-93392b.bin,decompress,3,0,0.2651,820.8,113.04,117.34,120.86,1.000,0.000
sw-deflate,egress-4-93392b.bin,compress,6,8192,0.1854,112.7,72.38,74.70,75.00,1.000,0.000
sw-deflate,egress-4-93392b.bin,decompress,6,8192,0.1854,875.3,9.16,10.69,14.33,1.000,0.000
sw-deflate,egress-4-93392b.bin,compress,6,16384,0.1871,115.8,141.20,145.45,145.61,1.000,0.000
sw-deflate,egress-4-93392b.bin,decompress,6,16384,0.1871,916.4,18.05,18.59,18.75,1.000,0.000
sw-deflate,egress-4-93392b.bin,compress,6,32768,0.1897,121.3,268.93,278.81,279.00,1.000,0.000
sw-deflate,egress-4-93392b.bin,decompress,6,32768,0.1897,1037.2,30.98,36.62,37.05,1.000,0.000
sw-deflate,egress-4-93392b.bin,compress,6,65536,0.1943,143.2,457.30,464.04,465.04,1.000,0.000
sw-deflate,egress-4-93392b.bin,decompress,6,65536,0.1943,1017.3,64.56,68.37,68.95,1.000,0.000
sw-deflate,egress-4-93392b.bin,compress,6,131072,0.2653,124.1,752.66,763.15,764.02,1.000,0.000
sw-deflate,egress-4-93392b.bin,decompress,6,131072,0.2653,819.5,113.15,117.31,119.05,1.000,0.000
sw-deflate,egress-4-93392b.bin,compress,6,0,0.2653,124.1,752.12,762.54,764.41,1.000,0.000
sw-deflate,egress-4-93392b.bin,decompress,6,0,0.2653,817.9,113.56,117.71,119.83,1.000,0.000
sw-deflate,egress-4-93392b.bin,compress,9,8192,0.1854,9.9,823.70,829.55,829.90,1.000,0.000
sw-deflate,egress-4-93392b.bin,decompress,9,8192,0.1854,860.4,9.51,10.13,10.13,1.000,0.000
sw-deflate,egress-4-93392b.bin,compress,9,16384,0.1871,9.6,1699.26,1708.97,1713.51,1.000,0.000
sw-deflate,egress-4-93392b.bin,decompress,9,16384,0.1871,915.1,18.04,18.70,18.97,1.000,0.000
sw-deflate,egress-4-93392b.bin,compress,9,32768,0.1898,9.7,3386.33,3404.66,3404.88,1.000,0.000
sw-deflate,egress-4-93392b.bin,decompress,9,32768,0.1898,973.6,34.43,35.35,35.42,1.000,0.000
sw-deflate,egress-4-93392b.bin,compress,9,65536,0.1941,11.0,5964.38,5988.19,5988.70,1.000,0.000
sw-deflate,egress-4-93392b.bin,decompress,9,65536,0.1941,1020.2,64.64,66.96,67.03,1.000,0.000
sw-deflate,egress-4-93392b.bin,compress,9,131072,0.2651,14.9,6275.80,6310.50,6310.78,1.000,0.000
sw-deflate,egress-4-93392b.bin,decompress,9,131072,0.2651,816.2,115.20,120.60,121.46,1.000,0.000
sw-deflate,egress-4-93392b.bin,compress,9,0,0.2651,14.9,6275.77,6303.62,6304.74,1.000,0.000
sw-deflate,egress-4-93392b.bin,decompress,9,0,0.2651,814.6,115.35,117.40,117.78,1.000,0.000
sw-deflate,egress-0-1294b.bin,compress,1,8192,0.4459,183.4,7.04,7.28,8.00,1.001,0.000
sw-deflate,egress-0-1294b.bin,decompress,1,8192,0.4459,373.0,3.46,3.63,3.63,1.000,0.000
sw-deflate,egress-0-1294b.bin,compress,1,16384,0.4459,183.3,7.03,7.27,7.29,1.002,0.000
sw-deflate,egress-0-1294b.bin,decompress,1,16384,0.4459,373.4,3.45,3.62,3.63,1.000,0.000
sw-deflate,egress-0-1294b.bin,compress,1,32768,0.4459,184.3,7.02,7.24,7.28,1.001,0.000
sw-deflate,egress-0-1294b.bin,decompress,1,32768,0.4459,372.7,3.50,3.60,3.64,1.000,0.000
sw-deflate,egress-0-1294b.bin,compress,1,65536,0.4459,184.9,6.99,7.22,7.23,1.001,0.000
sw-deflate,egress-0-1294b.bin,decompress,1,65536,0.4459,374.1,3.45,3.63,3.63,1.000,0.000
sw-deflate,egress-0-1294b.bin,compress,1,131072,0.4459,184.8,7.00,7.17,7.18,1.001,0.000
sw-deflate,egress-0-1294b.bin,decompress,1,131072,0.4459,373.7,3.45,3.63,3.64,1.000,0.000
sw-deflate,egress-0-1294b.bin,compress,1,0,0.4459,184.3,7.01,7.33,7.75,1.001,0.000
sw-deflate,egress-0-1294b.bin,decompress,1,0,0.4459,373.7,3.45,3.64,3.70,1.000,0.000
sw-deflate,egress-0-1294b.bin,compress,3,8192,0.4049,131.9,9.79,10.12,10.60,1.001,0.000
sw-deflate,egress-0-1294b.bin,decompress,3,8192,0.4049,408.2,3.13,3.67,3.72,1.000,0.000
sw-deflate,egress-0-1294b.bin,compress,3,16384,0.4049,132.1,9.75,10.08,10.79,1.001,0.000
sw-deflate,egress-0-1294b.bin,decompress,3,16384,0.4049,403.8,3.14,3.67,3.70,1.000,0.000
sw-deflate,egress-0-1294b.bin,compress,3,32768,0.4049,131.8,9.76,10.10,13.54,1.001,0.000
sw-deflate,egress-0-1294b.bin,decompress,3,32768,0.4049,398.8,3.21,3.46,3.49,1.000,0.000
sw-deflate,egress-0-1294b.bin,compress,3,65536,0.4049,131.6,9.77,10.16,13.73,1.001,0.000
sw-deflate,egress-0-1294b.bin,decompress,3,65536,0.4049,403.3,3.14,3.50,3.54,1.000,0.000
sw-deflate,egress-0-1294b.bin,compress,3,131072,0.4049,131.9,9.78,9.98,10.06,1.001,0.000
sw-deflate,egress-0-1294b.bin,decompress,3,131072,0.4049,399.1,3.19,3.49,3.68,1.000,0.000
sw-deflate,egress-0-1294b.bin,compress,3,0,0.4049,132.3,9.76,9.95,10.65,1.001,0.000
sw-deflate,egress-0-1294b.bin,decompress,3,0,0.4049,396.7,3.25,3.48,3.49,1.000,0.000
sw-deflate,egress-0-1294b.bin,compress,6,8192,0.3949,94.6,13.67,14.50,14.63,1.001,0.000
sw-deflate,egress-0-1294b.bin,decompress,6,8192,0.3949,412.8,3.11,3.38,3.40,1.000,0.000
sw-deflate,egress-0-1294b.bin,compress,6,16384,0.3949,95.0,13.60,13.93,14.80,1.001,0.000
sw-deflate,egress-0-1294b.bin,decompress,6,16384,0.3949,417.3,3.09,3.35,3.42,1.000,0.000
sw-deflate,egress-0-1294b.bin,compress,6,32768,0.3949,95.1,13.59,14.48,14.66,1.001,0.000
sw-deflate,egress-0-1294b.bin,decompress,6,32768,0.3949,413.9,3.10,3.42,3.60,1.000,0.000
sw-deflate,egress-0-1294b.bin,compress,6,65536,0.3949,95.2,13.56,14.50,14.65,1.001,0.000
sw-deflate,egress-0-1294b.bin,decompress,6,65536,0.3949,416.9,3.08,3.40,3.55,1.000,0.000
sw-deflate,egress-0-1294b.bin,compress,6,131072,0.3949,95.1,13.59,14.47,14.47,1.001,0.000
sw-deflate,egress-0-1294b.bin,decompress,6,131072,0.3949,420.0,3.06,3.44,3.56,1.000,0.000
sw-deflate,egress-0-1294b.bin,compress,6,0,0.3949,94.9,13.62,14.46,14.54,1.001,0.000
sw-deflate,egress-0-1294b.bin,decompress,6,0,0.3949,416.1,3.08,3.34,3.35,1.000,0.000
sw-deflate,egress-0-1294b.bin,compress,9,8192,0.3934,19.9,64.99,67.33,67.46,1.000,0.000
sw-deflate,egress-0-1294b.bin,decompress,9,8192,0.3934,407.4,3.15,3.66,3.66,1.000,0.000
sw-deflate,egress-0-1294b.bin,compress,9,16384,0.3934,19.9,64.94,67.20,67.26,1.000,0.000
sw-deflate,egress-0-1294b.bin,decompress,9,16384,0.3934,414.5,3.11,3.46,3.62,1.000,0.000
sw-deflate,egress-0-1294b.bin,compress,9,32768,0.3934,19.9,64.91,66.23,66.75,1.000,0.000
sw-deflate,egress-0-1294b.bin,decompress,9,32768,0.3934,412.1,3.10,3.63,3.66,1.000,0.000
sw-deflate,egress-0-1294b.bin,compress,9,65536,0.3934,19.9,64.87,66.19,66.27,1.000,0.000
sw-deflate,egress-0-1294b.bin,decompress,9,65536,0.3934,417.0,3.08,3.46,3.47,1.000,0.000
sw-deflate,egress-0-1294b.bin,compress,9,131072,0.3934,19.9,64.86,67.10,67.27,1.000,0.000
sw-deflate,egress-0-1294b.bin,decompress,9,131072,0.3934,400.9,3.20,3.42,3.44,1.000,0.000
sw-deflate,egress-0-1294b.bin,compress,9,0,0.3934,19.9,64.95,66.54,66.64,1.000,0.000
sw-deflate,egress-0-1294b.bin,decompress,9,0,0.3934,404.6,3.17,3.60,3.61,1.000,0.000
iaa-deflate,ingress-6-517074b.bin,compress,1,8192,0.0353,435.6,23.17,27.82,29.17,0.999,0.001
iaa-deflate,ingress-6-517074b.bin,decompress,1,8192,0.0353,1479.1,5.55,11.04,12.51,1.000,0.000
iaa-deflate,ingress-6-517074b.bin,compress,1,16384,0.0274,605.5,23.53,35.73,51.48,0.992,0.008
iaa-deflate,ingress-6-517074b.bin,decompress,1,16384,0.0274,2328.2,5.03,12.20,12.22,1.000,0.000
iaa-deflate,ingress-6-517074b.bin,compress,1,32768,0.1026,740.3,41.49,49.47,49.76,1.000,0.000
iaa-deflate,ingress-6-517074b.bin,decompress,1,32768,0.1026,2679.8,9.95,17.48,17.48,1.000,0.000
iaa-deflate,ingress-6-517074b.bin,compress,1,65536,0.1484,850.7,72.89,82.24,82.28,1.000,0.000
iaa-deflate,ingress-6-517074b.bin,decompress,1,65536,0.1484,2660.3,22.26,29.84,29.85,1.000,0.000
iaa-deflate,ingress-6-517074b.bin,compress,1,131072,0.1694,918.7,137.76,148.00,148.00,1.000,0.000
iaa-deflate,ingress-6-517074b.bin,decompress,1,131072,0.1694,2657.8,46.98,54.51,54.64,1.000,0.000
iaa-deflate,ingress-6-517074b.bin,compress,1,0,0.3151,974.0,525.97,536.81,536.94,1.000,0.000
iaa-deflate,ingress-6-517074b.bin,decompress,1,0,0.3151,2596.6,198.67,203.13,203.14,1.000,0.000
iaa-deflate,ingress-6-517074b.bin,compress,3,8192,0.0353,499.2,12.62,21.31,21.39,1.000,0.000
iaa-deflate,ingress-6-517074b.bin,decompress,3,8192,0.0353,1726.1,2.99,8.88,8.89,1.000,0.000
iaa-deflate,ingress-6-517074b.bin,compress,3,16384,0.0274,652.0,21.46,30.41,30.54,1.000,0.000
iaa-deflate,ingress-6-517074b.bin,decompress,3,16384,0.0274,2530.3,5.55,11.16,11.18,1.000,0.000
iaa-deflate,ingress-6-517074b.bin,compress,3,32768,0.1026,743.6,39.88,49.46,49.46,1.000,0.000
iaa-deflate,ingress-6-517074b.bin,decompress,3,32768,0.1026,2660.3,9.93,17.56,17.59,1.000,0.000
iaa-deflate,ingress-6-517074b.bin,compress,3,65536,0.1484,850.5,75.75,82.29,82.29,1.000,0.000
iaa-deflate,ingress-6-517074b.bin,decompress,3,65536,0.1484,2664.7,22.26,29.84,29.91,1.000,0.000
iaa-deflate,ingress-6-517074b.bin,compress,3,131072,0.1694,918.5,137.88,148.05,148.06,1.000,0.000
iaa-deflate,ingress-6-517074b.bin,decompress,3,131072,0.1694,2658.1,48.08,54.60,54.61,1.000,0.000
iaa-deflate,ingress-6-517074b.bin,compress,3,0,0.3151,974.0,526.14,536.57,538.11,1.000,0.000
iaa-deflate,ingress-6-517074b.bin,decompress,3,0,0.3151,2597.0,197.36,203.16,203.17,1.000,0.000
iaa-deflate,ingress-6-517074b.bin,compress,6,8192,0.0353,502.8,12.68,20.47,20.49,1.000,0.000
iaa-deflate,ingress-6-517074b.bin,decompress,6,8192,0.0353,1724.0,4.67,8.83,8.87,1.000,0.000
iaa-deflate,ingress-6-517074b.bin,compress,6,16384,0.0274,652.8,21.70,30.09,30.11,1.000,0.000
iaa-deflate,ingress-6-517074b.bin,decompress,6,16384,0.0274,2548.0,4.36,11.23,11.24,1.000,0.000
iaa-deflate,ingress-6-517074b.bin,compress,6,32768,0.1026,743.3,39.36,49.43,49.43,1.000,0.000
iaa-deflate,ingress-6-517074b.bin,decompress,6,32768,0.1026,2662.2,9.91,17.55,17.56,1.000,0.000
iaa-deflate,ingress-6-517074b.bin,compress,6,65536,0.1484,850.8,72.42,82.24,82.25,1.000,0.000
iaa-deflate,ingress-6-517074b.bin,decompress,6,65536,0.1484,2668.7,22.55,29.86,29.87,1.000,0.000
iaa-deflate,ingress-6-517074b.bin,compress,6,131072,0.1694,918.8,137.73,148.00,148.00,1.000,0.000
iaa-deflate,ingress-6-517074b.bin,decompress,6,131072,0.1694,2657.1,46.93,54.65,54.77,1.000,0.000
iaa-deflate,ingress-6-517074b.bin,compress,6,0,0.3151,974.0,526.80,536.13,536.14,1.000,0.000
iaa-deflate,ingress-6-517074b.bin,decompress,6,0,0.3151,2597.0,197.50,203.28,203.32,1.000,0.000
iaa-deflate,ingress-6-517074b.bin,compress,9,8192,0.0353,497.4,12.62,20.49,24.16,0.996,0.004
iaa-deflate,ingress-6-517074b.bin,decompress,9,8192,0.0353,1813.2,2.99,8.73,8.77,1.001,0.000
iaa-deflate,ingress-6-517074b.bin,compress,9,16384,0.0274,648.9,21.58,30.12,30.18,1.000,0.000
iaa-deflate,ingress-6-517074b.bin,decompress,9,16384,0.0274,2503.3,5.65,11.21,12.01,1.000,0.000
iaa-deflate,ingress-6-517074b.bin,compress,9,32768,0.1026,744.7,39.33,49.40,49.40,1.000,0.000
iaa-deflate,ingress-6-517074b.bin,decompress,9,32768,0.1026,2650.3,9.94,17.49,17.52,1.000,0.000
iaa-deflate,ingress-6-517074b.bin,compress,9,65536,0.1484,850.7,72.24,82.18,82.21,1.000,0.000
iaa-deflate,ingress-6-517074b.bin,decompress,9,65536,0.1484,2669.0,22.26,29.80,29.82,1.000,0.000
iaa-deflate,ingress-6-517074b.bin,compress,9,131072,0.1694,918.6,137.76,147.96,147.97,1.000,0.000
iaa-deflate,ingress-6-517074b.bin,decompress,9,131072,0.1694,2657.7,46.92,54.50,54.52,1.000,0.000
iaa-deflate,ingress-6-517074b.bin,compress,9,0,0.3151,974.0,525.97,536.17,536.46,1.000,0.000
iaa-deflate,ingress-6-517074b.bin,decompress,9,0,0.3151,2596.8,197.36,203.18,203.19,1.000,0.000
iaa-deflate,egress-3-77366b.bin,compress,1,8192,0.2228,475.8,13.79,21.99,22.44,1.000,0.000
iaa-deflate,egress-3-77366b.bin,decompress,1,8192,0.2228,1185.5,5.12,11.11,11.12,1.000,0.000
iaa-deflate,egress-3-77366b.bin,compress,1,16384,0.2140,616.9,22.89,31.97,31.97,1.000,0.000
iaa-deflate,egress-3-77366b.bin,decompress,1,16384,0.2140,1499.6,8.70,15.98,16.18,1.000,0.000
iaa-deflate,egress-3-77366b.bin,compress,1,32768,0.2132,716.6,40.85,51.05,51.09,1.000,0.000
iaa-deflate,egress-3-77366b.bin,decompress,1,32768,0.2132,1996.9,14.03,21.58,21.61,1.000,0.000
iaa-deflate,egress-3-77366b.bin,compress,1,65536,0.2694,832.8,74.83,84.39,84.66,1.000,0.000
iaa-deflate,egress-3-77366b.bin,decompress,1,65536,0.2694,2255.3,28.46,34.21,34.31,1.000,0.000
iaa-deflate,egress-3-77366b.bin,compress,1,131072,0.3112,854.2,85.78,96.47,96.53,1.000,0.000
iaa-deflate,egress-3-77366b.bin,decompress,1,131072,0.3112,2284.5,31.49,39.07,39.08,1.000,0.000
iaa-deflate,egress-3-77366b.bin,compress,1,0,0.3112,854.9,85.65,96.47,96.51,1.000,0.000
iaa-deflate,egress-3-77366b.bin,decompress,1,0,0.3112,2283.9,31.51,39.07,39.26,1.000,0.000
iaa-deflate,egress-3-77366b.bin,compress,3,8192,0.2228,415.1,18.12,25.00,25.00,1.000,0.000
iaa-deflate,egress-3-77366b.bin,decompress,3,8192,0.2228,1073.1,5.59,13.10,13.10,1.000,0.000
iaa-deflate,egress-3-77366b.bin,compress,3,16384,0.2140,585.0,24.50,33.23,33.32,1.000,0.000
iaa-deflate,egress-3-77366b.bin,decompress,3,16384,0.2140,1470.7,8.72,16.32,16.35,1.000,0.000
iaa-deflate,egress-3-77366b.bin,compress,3,32768,0.2132,715.9,40.82,51.07,51.09,1.000,0.000
iaa-deflate,egress-3-77366b.bin,decompress,3,32768,0.2132,1995.4,14.12,21.57,21.61,1.000,0.000
iaa-deflate,egress-3-77366b.bin,compress,3,65536,0.2694,833.7,73.93,84.01,84.82,1.000,0.000
iaa-deflate,egress-3-77366b.bin,decompress,3,65536,0.2694,2260.2,26.65,34.15,34.15,1.000,0.000
iaa-deflate,egress-3-77366b.bin,compress,3,131072,0.3112,854.6,85.58,95.80,95.83,1.000,0.000
iaa-deflate,egress-3-77366b.bin,decompress,3,131072,0.3112,2286.0,31.48,39.05,39.06,1.000,0.000
iaa-deflate,egress-3-77366b.bin,compress,3,0,0.3112,851.8,85.87,96.83,99.49,0.997,0.003
iaa-deflate,egress-3-77366b.bin,decompress,3,0,0.3112,2284.4,31.50,39.03,39.04,1.000,0.000
iaa-deflate,egress-3-77366b.bin,compress,6,8192,0.2228,416.5,14.83,25.03,25.69,1.000,0.000
iaa-deflate,egress-3-77366b.bin,decompress,6,8192,0.2228,1057.3,5.61,13.08,13.10,1.000,0.000
iaa-deflate,egress-3-77366b.bin,compress,6,16384,0.2140,585.4,23.02,33.26,33.85,1.000,0.000
iaa-deflate,egress-3-77366b.bin,decompress,6,16384,0.2140,1479.5,8.70,16.31,16.34,1.000,0.000
iaa-deflate,egress-3-77366b.bin,compress,6,32768,0.2132,715.9,41.20,51.09,51.71,1.000,0.000
iaa-deflate,egress-3-77366b.bin,decompress,6,32768,0.2132,2013.2,14.05,21.64,21.71,1.000,0.000
iaa-deflate,egress-3-77366b.bin,compress,6,65536,0.2694,832.2,79.08,84.04,84.04,1.000,0.000
iaa-deflate,egress-3-77366b.bin,decompress,6,65536,0.2694,2259.3,26.64,34.20,34.23,1.000,0.000
iaa-deflate,egress-3-77366b.bin,compress,6,131072,0.3112,854.2,85.78,96.38,96.52,1.000,0.000
iaa-deflate,egress-3-77366b.bin,decompress,6,131072,0.3112,2287.5,31.48,39.08,39.09,1.000,0.000
iaa-deflate,egress-3-77366b.bin,compress,6,0,0.3112,853.8,88.68,96.49,98.78,1.000,0.000
iaa-deflate,egress-3-77366b.bin,decompress,6,0,0.3112,2282.8,31.47,39.05,43.27,1.000,0.000
iaa-deflate,egress-3-77366b.bin,compress,9,8192,0.2228,411.6,15.06,25.11,25.17,1.000,0.000
iaa-deflate,egress-3-77366b.bin,decompress,9,8192,0.2228,1056.8,5.65,13.11,13.16,1.000,0.000
iaa-deflate,egress-3-77366b.bin,compress,9,16384,0.2140,585.5,23.95,33.78,33.81,1.000,0.000
iaa-deflate,egress-3-77366b.bin,decompress,9,16384,0.2140,1479.8,8.71,16.31,16.35,1.000,0.000
iaa-deflate,egress-3-77366b.bin,compress,9,32768,0.2132,715.6,40.98,51.12,51.16,1.000,0.000
iaa-deflate,egress-3-77366b.bin,decompress,9,32768,0.2132,1997.1,14.02,21.66,22.33,1.000,0.000
iaa-deflate,egress-3-77366b.bin,compress,9,65536,0.2694,832.1,73.92,84.16,84.61,1.000,0.000
iaa-deflate,egress-3-77366b.bin,decompress,9,65536,0.2694,2257.1,26.64,34.17,34.19,1.000,0.000
iaa-deflate,egress-3-77366b.bin,compress,9,131072,0.3112,854.0,85.76,96.48,96.58,1.000,0.000
iaa-deflate,egress-3-77366b.bin,decompress,9,131072,0.3112,2287.3,31.48,39.06,39.11,1.000,0.000
iaa-deflate,egress-3-77366b.bin,compress,9,0,0.3112,854.4,86.34,96.52,97.36,1.000,0.000
iaa-deflate,egress-3-77366b.bin,decompress,9,0,0.3112,2285.1,31.68,39.02,39.02,1.000,0.000
iaa-deflate,ingress-3-77388b.bin,compress,1,8192,0.1676,420.5,14.51,24.64,25.30,1.000,0.000
iaa-deflate,ingress-3-77388b.bin,decompress,1,8192,0.1676,1259.9,4.35,11.94,11.94,1.000,0.000
iaa-deflate,ingress-3-77388b.bin,compress,1,16384,0.1882,596.2,22.80,32.86,32.88,1.000,0.000
iaa-deflate,ingress-3-77388b.bin,decompress,1,16384,0.1882,1824.8,6.61,14.14,14.14,1.000,0.000
iaa-deflate,ingress-3-77388b.bin,compress,1,32768,0.2007,727.8,40.34,50.31,50.32,1.000,0.000
iaa-deflate,ingress-3-77388b.bin,decompress,1,32768,0.2007,2397.4,11.36,18.88,18.89,1.000,0.000
iaa-deflate,ingress-3-77388b.bin,compress,1,65536,0.2759,836.2,73.62,83.64,83.65,1.000,0.000
iaa-deflate,ingress-3-77388b.bin,decompress,1,65536,0.2759,2282.1,26.38,33.91,33.92,1.000,0.000
iaa-deflate,ingress-3-77388b.bin,compress,1,131072,0.3144,857.3,85.54,95.48,95.50,1.000,0.000
iaa-deflate,ingress-3-77388b.bin,decompress,1,131072,0.3144,2304.7,31.20,38.75,38.75,1.000,0.000
iaa-deflate,ingress-3-77388b.bin,compress,1,0,0.3144,857.1,88.76,95.59,96.13,1.000,0.000
iaa-deflate,ingress-3-77388b.bin,decompress,1,0,0.3144,2306.0,31.21,38.73,38.77,1.000,0.000
iaa-deflate,ingress-3-77388b.bin,compress,3,8192,0.1676,420.2,20.95,24.73,24.74,1.000,0.000
iaa-deflate,ingress-3-77388b.bin,decompress,3,8192,0.1676,1313.7,3.83,11.84,11.87,1.000,0.000
iaa-deflate,ingress-3-77388b.bin,compress,3,16384,0.1882,593.1,22.79,32.91,32.98,1.000,0.000
iaa-deflate,ingress-3-77388b.bin,decompress,3,16384,0.1882,1820.0,7.24,14.16,14.17,1.000,0.000
iaa-deflate,ingress-3-77388b.bin,compress,3,32768,0.2007,727.8,40.23,50.28,50.31,1.000,0.000
iaa-deflate,ingress-3-77388b.bin,decompress,3,32768,0.2007,2398.1,11.38,18.89,18.92,1.000,0.000
iaa-deflate,ingress-3-77388b.bin,compress,3,65536,0.2759,836.4,73.52,83.60,83.62,1.000,0.000
iaa-deflate,ingress-3-77388b.bin,decompress,3,65536,0.2759,2284.1,26.32,33.92,34.06,1.000,0.000
iaa-deflate,ingress-3-77388b.bin,compress,3,131072,0.3144,857.7,85.57,95.50,95.68,1.000,0.000
iaa-deflate,ingress-3-77388b.bin,decompress,3,131072,0.3144,2303.0,31.23,38.72,38.73,1.000,0.000
iaa-deflate,ingress-3-77388b.bin,compress,3,0,0.3144,856.9,88.05,95.51,95.53,1.000,0.000
iaa-deflate,ingress-3-77388b.bin,decompress,3,0,0.3144,2307.6,31.21,38.78,38.80,1.000,0.000
iaa-deflate,ingress-3-77388b.bin,compress,6,8192,0.1676,420.6,14.53,24.63,24.64,1.000,0.000
iaa-deflate,ingress-3-77388b.bin,decompress,6,8192,0.1676,1290.1,4.04,11.82,11.84,1.000,0.000
iaa-deflate,ingress-3-77388b.bin,compress,6,16384,0.1882,593.2,22.79,33.06,33.06,1.000,0.000
iaa-deflate,ingress-3-77388b.bin,decompress,6,16384,0.1882,1834.6,6.60,14.15,14.15,1.000,0.000
iaa-deflate,ingress-3-77388b.bin,compress,6,32768,0.2007,725.9,40.46,52.02,52.03,1.000,0.000
iaa-deflate,ingress-3-77388b.bin,decompress,6,32768,0.2007,2400.1,11.36,18.92,18.92,1.000,0.000
iaa-deflate,ingress-3-77388b.bin,compress,6,65536,0.2759,836.0,73.52,83.60,84.30,1.000,0.000
iaa-deflate,ingress-3-77388b.bin,decompress,6,65536,0.2759,2289.6,26.31,33.91,33.93,1.000,0.000
iaa-deflate,ingress-3-77388b.bin,compress,6,131072,0.3144,857.6,85.47,95.55,96.14,1.000,0.000
iaa-deflate,ingress-3-77388b.bin,decompress,6,131072,0.3144,2302.8,31.48,38.76,38.76,1.000,0.000
iaa-deflate,ingress-3-77388b.bin,compress,6,0,0.3144,856.7,85.62,95.52,97.83,1.000,0.000
iaa-deflate,ingress-3-77388b.bin,decompress,6,0,0.3144,2305.1,31.22,38.78,38.79,1.000,0.000
iaa-deflate,ingress-3-77388b.bin,compress,9,8192,0.1676,426.2,14.50,24.62,24.67,1.000,0.000
iaa-deflate,ingress-3-77388b.bin,decompress,9,8192,0.1676,1261.2,4.33,11.85,11.88,1.000,0.000
iaa-deflate,ingress-3-77388b.bin,compress,9,16384,0.1882,593.0,23.54,32.82,32.83,1.000,0.000
iaa-deflate,ingress-3-77388b.bin,decompress,9,16384,0.1882,1819.7,6.61,14.22,14.24,1.000,0.000
iaa-deflate,ingress-3-77388b.bin,compress,9,32768,0.2007,727.0,40.23,50.32,52.08,1.000,0.000
iaa-deflate,ingress-3-77388b.bin,decompress,9,32768,0.2007,2384.4,11.43,18.89,18.89,1.000,0.000
iaa-deflate,ingress-3-77388b.bin,compress,9,65536,0.2759,836.6,73.62,83.62,85.17,1.000,0.000
iaa-deflate,ingress-3-77388b.bin,decompress,9,65536,0.2759,2285.8,26.31,33.95,33.97,1.000,0.000
iaa-deflate,ingress-3-77388b.bin,compress,9,131072,0.3144,857.3,85.48,96.16,96.18,1.000,0.000
iaa-deflate,ingress-3-77388b.bin,decompress,9,131072,0.3144,2303.4,31.21,38.77,38.79,1.000,0.000
iaa-deflate,ingress-3-77388b.bin,compress,9,0,0.3144,857.1,86.09,95.50,95.61,1.000,0.000
iaa-deflate,ingress-3-77388b.bin,decompress,9,0,0.3144,2306.9,31.23,38.72,38.77,1.000,0.000
iaa-deflate,ingress-2-12575b.bin,compress,1,8192,0.2283,401.2,15.64,29.02,29.04,1.000,0.000
iaa-deflate,ingress-2-12575b.bin,decompress,1,8192,0.2283,1059.8,5.56,13.09,13.11,1.000,0.000
iaa-deflate,ingress-2-12575b.bin,compress,1,16384,0.3193,504.7,20.16,30.16,31.94,1.000,0.000
iaa-deflate,ingress-2-12575b.bin,decompress,1,16384,0.3193,1195.6,8.11,15.71,15.73,1.000,0.000
iaa-deflate,ingress-2-12575b.bin,compress,1,32768,0.3193,503.4,20.16,30.25,31.88,1.000,0.000
iaa-deflate,ingress-2-12575b.bin,decompress,1,32768,0.3193,1197.4,8.10,15.68,15.70,1.000,0.000
iaa-deflate,ingress-2-12575b.bin,compress,1,65536,0.3193,502.3,23.38,30.19,32.13,1.000,0.000
iaa-deflate,ingress-2-12575b.bin,decompress,1,65536,0.3193,1195.8,8.09,15.74,15.75,1.000,0.000
iaa-deflate,ingress-2-12575b.bin,compress,1,131072,0.3193,503.3,20.42,30.50,31.18,1.000,0.000
iaa-deflate,ingress-2-12575b.bin,decompress,1,131072,0.3193,1217.4,8.11,16.67,16.91,1.000,0.000
iaa-deflate,ingress-2-12575b.bin,compress,1,0,0.3193,500.9,20.27,31.00,31.12,1.000,0.000
iaa-deflate,ingress-2-12575b.bin,decompress,1,0,0.3193,1196.7,8.90,15.66,15.67,1.000,0.000
iaa-deflate,ingress-2-12575b.bin,compress,3,8192,0.2283,405.1,15.69,25.63,25.74,0.999,0.001
iaa-deflate,ingress-2-12575b.bin,decompress,3,8192,0.2283,1062.2,6.06,13.05,13.05,1.000,0.000
iaa-deflate,ingress-2-12575b.bin,compress,3,16384,0.3193,502.9,20.19,30.17,30.21,1.000,0.000
iaa-deflate,ingress-2-12575b.bin,decompress,3,16384,0.3193,1197.1,8.08,15.68,15.71,1.000,0.000
iaa-deflate,ingress-2-12575b.bin,compress,3,32768,0.3193,503.8,20.32,30.14,30.16,1.000,0.000
iaa-deflate,ingress-2-12575b.bin,decompress,3,32768,0.3193,1205.6,8.08,15.66,15.68,1.000,0.000
iaa-deflate,ingress-2-12575b.bin,compress,3,65536,0.3193,501.0,20.17,30.20,33.29,1.001,0.000
iaa-deflate,ingress-2-12575b.bin,decompress,3,65536,0.3193,1195.7,8.08,15.68,15.71,1.000,0.000
iaa-deflate,ingress-2-12575b.bin,compress,3,131072,0.3193,504.8,20.91,30.13,30.15,1.000,0.000
iaa-deflate,ingress-2-12575b.bin,decompress,3,131072,0.3193,1209.6,8.17,15.63,15.66,1.000,0.000
iaa-deflate,ingress-2-12575b.bin,compress,3,0,0.3193,501.0,23.55,33.63,33.77,1.000,0.000
iaa-deflate,ingress-2-12575b.bin,decompress,3,0,0.3193,1197.0,8.10,15.64,15.66,1.000,0.000
iaa-deflate,ingress-2-12575b.bin,compress,6,8192,0.2283,401.6,15.56,25.72,26.30,1.000,0.000
iaa-deflate,ingress-2-12575b.bin,decompress,6,8192,0.2283,1083.7,5.57,13.08,13.15,1.000,0.000
iaa-deflate,ingress-2-12575b.bin,compress,6,16384,0.3193,501.4,20.24,30.22,30.80,1.000,0.000
iaa-deflate,ingress-2-12575b.bin,decompress,6,16384,0.3193,1198.2,8.09,15.64,15.64,1.000,0.000
iaa-deflate,ingress-2-12575b.bin,compress,6,32768,0.3193,503.6,20.16,30.17,30.18,1.000,0.000
iaa-deflate,ingress-2-12575b.bin,decompress,6,32768,0.3193,1212.0,8.84,15.63,15.64,1.000,0.000
iaa-deflate,ingress-2-12575b.bin,compress,6,65536,0.3193,501.5,20.31,30.22,30.26,1.000,0.000
iaa-deflate,ingress-2-12575b.bin,decompress,6,65536,0.3193,1204.3,8.07,15.66,15.67,1.000,0.000
iaa-deflate,ingress-2-12575b.bin,compress,6,131072,0.3193,503.4,20.15,30.17,30.19,1.000,0.000
iaa-deflate,ingress-2-12575b.bin,decompress,6,131072,0.3193,1204.7,9.02,15.63,15.65,1.000,0.000
iaa-deflate,ingress-2-12575b.bin,compress,6,0,0.3193,420.2,20.16,30.14,30.15,1.000,0.000
iaa-deflate,ingress-2-12575b.bin,decompress,6,0,0.3193,1217.8,8.09,15.70,15.71,1.000,0.000
iaa-deflate,ingress-2-12575b.bin,compress,9,8192,0.2283,402.4,15.98,25.59,25.61,1.000,0.000
iaa-deflate,ingress-2-12575b.bin,decompress,9,8192,0.2283,1061.7,5.57,13.08,13.08,1.000,0.000
iaa-deflate,ingress-2-12575b.bin,compress,9,16384,0.3193,503.7,20.17,30.16,30.23,1.000,0.000
iaa-deflate,ingress-2-12575b.bin,decompress,9,16384,0.3193,1211.1,8.09,15.69,15.72,1.000,0.000
iaa-deflate,ingress-2-12575b.bin,compress,9,32768,0.3193,504.0,20.16,30.19,30.19,1.000,0.000
iaa-deflate,ingress-2-12575b.bin,decompress,9,32768,0.3193,1202.9,8.08,15.67,15.68,1.000,0.000
iaa-deflate,ingress-2-12575b.bin,compress,9,65536,0.3193,501.5,20.18,30.17,30.19,1.000,0.000
iaa-deflate,ingress-2-12575b.bin,decompress,9,65536,0.3193,1211.9,8.67,15.64,15.64,1.000,0.000
iaa-deflate,ingress-2-12575b.bin,compress,9,131072,0.3193,503.8,20.17,30.16,30.35,1.000,0.000
iaa-deflate,ingress-2-12575b.bin,decompress,9,131072,0.3193,1196.5,8.71,15.65,15.66,1.000,0.000
iaa-deflate,ingress-2-12575b.bin,compress,9,0,0.3193,502.2,20.40,30.15,30.41,1.000,0.000
iaa-deflate,ingress-2-12575b.bin,decompress,9,0,0.3193,1202.5,8.34,15.67,15.70,1.000,0.000
iaa-deflate,egress-6-280108b.bin,compress,1,8192,0.1864,425.4,15.59,24.66,25.13,1.000,0.000
iaa-deflate,egress-6-280108b.bin,decompress,1,8192,0.1864,1093.2,5.36,12.85,12.90,1.000,0.000
iaa-deflate,egress-6-280108b.bin,compress,1,16384,0.1959,591.0,23.46,32.83,32.84,1.000,0.000
iaa-deflate,egress-6-280108b.bin,decompress,1,16384,0.1959,1535.5,8.55,16.06,16.12,1.000,0.000
iaa-deflate,egress-6-280108b.bin,compress,1,32768,0.2009,743.4,39.17,49.29,49.33,1.000,0.000
iaa-deflate,egress-6-280108b.bin,decompress,1,32768,0.2009,1930.7,14.64,22.19,22.19,1.000,0.000
iaa-deflate,egress-6-280108b.bin,compress,1,65536,0.2032,852.7,72.02,82.06,82.10,1.000,0.000
iaa-deflate,egress-6-280108b.bin,decompress,1,65536,0.2032,2235.6,27.16,34.56,34.56,1.000,0.000
iaa-deflate,egress-6-280108b.bin,compress,1,131072,0.2009,915.2,138.23,148.53,148.53,1.000,0.000
iaa-deflate,egress-6-280108b.bin,decompress,1,131072,0.2009,2411.2,52.01,59.62,59.64,1.000,0.000
iaa-deflate,egress-6-280108b.bin,compress,1,0,0.3004,955.2,288.36,299.19,300.31,1.000,0.000
iaa-deflate,egress-6-280108b.bin,decompress,1,0,0.3004,2413.3,113.85,121.31,121.35,1.000,0.000
iaa-deflate,egress-6-280108b.bin,compress,3,8192,0.1864,419.5,14.53,25.34,25.35,1.000,0.000
iaa-deflate,egress-6-280108b.bin,decompress,3,8192,0.1864,1098.9,5.34,12.84,12.86,1.000,0.000
iaa-deflate,egress-6-280108b.bin,compress,3,16384,0.1959,593.9,22.77,32.88,32.88,1.000,0.000
iaa-deflate,egress-6-280108b.bin,decompress,3,16384,0.1959,1500.9,8.48,16.06,16.07,1.000,0.000
iaa-deflate,egress-6-280108b.bin,compress,3,32768,0.2009,743.6,39.43,49.30,49.41,1.000,0.000
iaa-deflate,egress-6-280108b.bin,decompress,3,32768,0.2009,1929.2,14.64,22.24,23.14,1.000,0.000
iaa-deflate,egress-6-280108b.bin,compress,3,65536,0.2032,852.4,72.79,82.08,82.12,1.000,0.000
iaa-deflate,egress-6-280108b.bin,decompress,3,65536,0.2032,2235.8,26.93,34.59,34.61,1.000,0.000
iaa-deflate,egress-6-280108b.bin,compress,3,131072,0.2009,915.3,141.81,148.59,148.66,1.000,0.000
iaa-deflate,egress-6-280108b.bin,decompress,3,131072,0.2009,2410.2,52.01,59.58,59.59,1.000,0.000
iaa-deflate,egress-6-280108b.bin,compress,3,0,0.3004,955.0,289.08,298.59,299.19,0.999,0.001
iaa-deflate,egress-6-280108b.bin,decompress,3,0,0.3004,2413.5,113.84,121.30,121.33,1.000,0.000
iaa-deflate,egress-6-280108b.bin,compress,6,8192,0.1864,419.6,15.18,24.72,24.75,1.000,0.000
iaa-deflate,egress-6-280108b.bin,decompress,6,8192,0.1864,1121.7,5.35,12.66,12.86,1.000,0.000
iaa-deflate,egress-6-280108b.bin,compress,6,16384,0.1959,591.1,23.46,32.83,32.88,1.000,0.000
iaa-deflate,egress-6-280108b.bin,decompress,6,16384,0.1959,1508.0,8.48,16.03,16.15,1.000,0.000
iaa-deflate,egress-6-280108b.bin,compress,6,32768,0.2009,743.7,39.30,49.27,49.90,1.000,0.000
iaa-deflate,egress-6-280108b.bin,decompress,6,32768,0.2009,1921.6,16.43,22.20,22.21,1.000,0.000
iaa-deflate,egress-6-280108b.bin,compress,6,65536,0.2032,852.9,73.21,82.08,82.73,1.000,0.000
iaa-deflate,egress-6-280108b.bin,decompress,6,65536,0.2032,2236.4,26.93,34.51,34.57,1.000,0.000
iaa-deflate,egress-6-280108b.bin,compress,6,131072,0.2009,915.6,138.19,148.50,148.52,1.000,0.000
iaa-deflate,egress-6-280108b.bin,decompress,6,131072,0.2009,2413.2,52.12,59.55,59.57,1.000,0.000
iaa-deflate,egress-6-280108b.bin,compress,6,0,0.3004,955.2,288.42,298.48,299.10,1.000,0.000
iaa-deflate,egress-6-280108b.bin,decompress,6,0,0.3004,2414.0,113.86,121.26,121.28,1.000,0.000
iaa-deflate,egress-6-280108b.bin,compress,9,8192,0.1864,423.6,14.57,24.67,24.70,1.000,0.000
iaa-deflate,egress-6-280108b.bin,decompress,9,8192,0.1864,1091.8,5.33,12.89,13.50,1.000,0.000
iaa-deflate,egress-6-280108b.bin,compress,9,16384,0.1959,592.9,22.75,32.84,33.77,0.998,0.002
iaa-deflate,egress-6-280108b.bin,decompress,9,16384,0.1959,1520.1,8.48,16.11,16.20,1.000,0.000
iaa-deflate,egress-6-280108b.bin,compress,9,32768,0.2009,743.4,39.27,49.29,49.37,1.000,0.000
iaa-deflate,egress-6-280108b.bin,decompress,9,32768,0.2009,1922.6,14.63,22.21,22.22,1.000,0.000
iaa-deflate,egress-6-280108b.bin,compress,9,65536,0.2032,853.2,72.03,82.07,82.08,1.000,0.000
iaa-deflate,egress-6-280108b.bin,decompress,9,65536,0.2032,2231.8,26.95,34.54,34.56,1.000,0.000
iaa-deflate,egress-6-280108b.bin,compress,9,131072,0.2009,915.3,138.24,148.49,148.49,1.000,0.000
iaa-deflate,egress-6-280108b.bin,decompress,9,131072,0.2009,2412.0,52.04,59.56,59.57,1.000,0.000
iaa-deflate,egress-6-280108b.bin,compress,9,0,0.3004,955.3,288.40,298.48,298.48,1.000,0.000
iaa-deflate,egress-6-280108b.bin,decompress,9,0,0.3004,2413.5,113.84,121.27,121.28,1.000,0.000
iaa-deflate,egress-1-3759b.bin,compress,1,8192,0.3671,361.9,8.08,15.58,15.59,1.000,0.000
iaa-deflate,egress-1-3759b.bin,decompress,1,8192,0.3671,605.9,3.71,11.66,11.67,1.000,0.000
iaa-deflate,egress-1-3759b.bin,compress,1,16384,0.3671,361.0,8.06,15.57,15.64,1.000,0.000
iaa-deflate,egress-1-3759b.bin,decompress,1,16384,0.3671,625.9,3.72,11.62,11.70,1.000,0.000
iaa-deflate,egress-1-3759b.bin,compress,1,32768,0.3671,358.5,8.07,15.59,15.59,1.000,0.000
iaa-deflate,egress-1-3759b.bin,decompress,1,32768,0.3671,604.4,4.08,11.65,11.68,1.000,0.000
iaa-deflate,egress-1-3759b.bin,compress,1,65536,0.3671,356.4,8.07,15.58,15.63,0.995,0.005
iaa-deflate,egress-1-3759b.bin,decompress,1,65536,0.3671,603.2,4.09,11.68,11.78,1.000,0.000
iaa-deflate,egress-1-3759b.bin,compress,1,131072,0.3671,365.4,8.06,15.61,15.62,1.000,0.000
iaa-deflate,egress-1-3759b.bin,decompress,1,131072,0.3671,608.5,4.07,11.43,11.45,1.000,0.000
iaa-deflate,egress-1-3759b.bin,compress,1,0,0.3671,358.6,8.06,15.57,15.57,1.000,0.000
iaa-deflate,egress-1-3759b.bin,decompress,1,0,0.3671,623.0,4.12,11.63,11.68,1.000,0.000
iaa-deflate,egress-1-3759b.bin,compress,3,8192,0.3671,358.1,8.08,15.60,15.61,1.000,0.000
iaa-deflate,egress-1-3759b.bin,decompress,3,8192,0.3671,603.7,5.17,11.63,11.64,1.000,0.000
iaa-deflate,egress-1-3759b.bin,compress,3,16384,0.3671,358.1,8.89,15.60,15.71,1.000,0.000
iaa-deflate,egress-1-3759b.bin,decompress,3,16384,0.3671,603.3,4.09,11.70,11.73,1.000,0.000
iaa-deflate,egress-1-3759b.bin,compress,3,32768,0.3671,362.3,8.07,15.63,15.64,1.000,0.000
iaa-deflate,egress-1-3759b.bin,decompress,3,32768,0.3671,604.3,4.09,11.64,11.65,1.000,0.000
iaa-deflate,egress-1-3759b.bin,compress,3,65536,0.3671,358.3,8.27,15.58,15.62,1.000,0.000
iaa-deflate,egress-1-3759b.bin,decompress,3,65536,0.3671,623.7,4.10,11.64,11.64,1.000,0.000
iaa-deflate,egress-1-3759b.bin,compress,3,131072,0.3671,358.3,9.99,15.60,15.60,1.000,0.000
iaa-deflate,egress-1-3759b.bin,decompress,3,131072,0.3671,604.0,4.10,11.64,11.65,1.000,0.000
iaa-deflate,egress-1-3759b.bin,compress,3,0,0.3671,358.0,8.25,15.61,15.63,1.000,0.000
iaa-deflate,egress-1-3759b.bin,decompress,3,0,0.3671,603.5,4.10,11.68,11.70,1.000,0.000
iaa-deflate,egress-1-3759b.bin,compress,6,8192,0.3671,363.0,8.07,15.57,15.58,1.000,0.000
iaa-deflate,egress-1-3759b.bin,decompress,6,8192,0.3671,603.8,4.10,11.70,11.72,1.000,0.000
iaa-deflate,egress-1-3759b.bin,compress,6,16384,0.3671,358.3,8.06,15.60,15.61,1.000,0.000
iaa-deflate,egress-1-3759b.bin,decompress,6,16384,0.3671,625.4,4.11,11.61,11.64,1.001,0.000
iaa-deflate,egress-1-3759b.bin,compress,6,32768,0.3671,358.2,8.08,15.58,15.59,1.000,0.000
iaa-deflate,egress-1-3759b.bin,decompress,6,32768,0.3671,625.9,4.09,11.66,11.71,1.000,0.000
iaa-deflate,egress-1-3759b.bin,compress,6,65536,0.3671,358.5,8.07,15.56,15.56,1.000,0.000
iaa-deflate,egress-1-3759b.bin,decompress,6,65536,0.3671,603.8,4.09,11.62,11.70,1.000,0.000
iaa-deflate,egress-1-3759b.bin,compress,6,131072,0.3671,362.6,8.06,15.60,15.72,1.000,0.000
iaa-deflate,egress-1-3759b.bin,decompress,6,131072,0.3671,604.0,4.10,11.65,11.66,1.000,0.000
iaa-deflate,egress-1-3759b.bin,compress,6,0,0.3671,358.1,8.14,15.67,15.69,1.000,0.000
iaa-deflate,egress-1-3759b.bin,decompress,6,0,0.3671,626.2,4.11,11.65,11.66,1.000,0.000
iaa-deflate,egress-1-3759b.bin,compress,9,8192,0.3671,358.2,8.07,15.59,15.60,1.000,0.000
iaa-deflate,egress-1-3759b.bin,decompress,9,8192,0.3671,603.6,4.55,11.64,11.66,0.999,0.001
iaa-deflate,egress-1-3759b.bin,compress,9,16384,0.3671,358.6,8.07,15.59,15.60,1.000,0.000
iaa-deflate,egress-1-3759b.bin,decompress,9,16384,0.3671,604.2,4.10,11.66,11.73,1.000,0.000
iaa-deflate,egress-1-3759b.bin,compress,9,32768,0.3671,363.0,8.09,15.57,15.57,1.000,0.000
iaa-deflate,egress-1-3759b.bin,decompress,9,32768,0.3671,603.4,4.08,11.63,11.67,1.000,0.000
iaa-deflate,egress-1-3759b.bin,compress,9,65536,0.3671,358.3,8.06,15.60,15.61,1.000,0.000
iaa-deflate,egress-1-3759b.bin,decompress,9,65536,0.3671,627.1,4.10,11.65,11.68,1.000,0.000
iaa-deflate,egress-1-3759b.bin,compress,9,131072,0.3671,358.4,8.06,15.58,15.59,1.000,0.000
iaa-deflate,egress-1-3759b.bin,decompress,9,131072,0.3671,602.6,4.42,11.65,11.66,1.000,0.000
iaa-deflate,egress-1-3759b.bin,compress,9,0,0.3671,358.2,8.08,15.57,15.60,1.000,0.000
iaa-deflate,egress-1-3759b.bin,decompress,9,0,0.3671,603.5,4.10,11.68,11.69,1.000,0.000
iaa-deflate,ingress-4-206903b.bin,compress,1,8192,0.0378,444.7,14.50,23.75,23.76,1.000,0.000
iaa-deflate,ingress-4-206903b.bin,decompress,1,8192,0.0378,1448.1,3.53,11.07,11.09,1.000,0.000
iaa-deflate,ingress-4-206903b.bin,compress,1,16384,0.1337,591.9,22.83,32.96,33.63,1.000,0.000
iaa-deflate,ingress-4-206903b.bin,decompress,1,16384,0.1337,1988.7,5.83,13.39,13.44,1.000,0.000
iaa-deflate,ingress-4-206903b.bin,compress,1,32768,0.1724,744.4,39.28,49.35,49.37,1.000,0.000
iaa-deflate,ingress-4-206903b.bin,decompress,1,32768,0.1724,2610.1,10.16,17.70,17.72,1.000,0.000
iaa-deflate,ingress-4-206903b.bin,compress,1,65536,0.1895,851.5,72.75,82.20,83.85,1.000,0.000
iaa-deflate,ingress-4-206903b.bin,decompress,1,65536,0.1895,3123.7,18.65,26.18,26.23,1.000,0.000
iaa-deflate,ingress-4-206903b.bin,compress,1,131072,0.2178,910.9,138.95,149.92,149.99,1.000,0.000
iaa-deflate,ingress-4-206903b.bin,decompress,1,131072,0.2178,2932.6,42.32,49.90,49.96,1.000,0.000
iaa-deflate,ingress-4-206903b.bin,compress,1,0,0.3288,940.1,215.18,225.35,226.03,1.000,0.000
iaa-deflate,ingress-4-206903b.bin,decompress,1,0,0.3288,2510.6,80.08,87.55,87.66,1.000,0.000
iaa-deflate,ingress-4-206903b.bin,compress,3,8192,0.0378,441.7,13.55,23.71,23.72,1.000,0.000
iaa-deflate,ingress-4-206903b.bin,decompress,3,8192,0.0378,1446.3,3.67,11.09,11.13,1.000,0.000
iaa-deflate,ingress-4-206903b.bin,compress,3,16384,0.1337,594.3,22.78,32.90,32.91,1.000,0.000
iaa-deflate,ingress-4-206903b.bin,decompress,3,16384,0.1337,1989.0,5.84,13.35,13.35,1.000,0.000
iaa-deflate,ingress-4-206903b.bin,compress,3,32768,0.1724,743.8,39.59,49.34,49.40,1.000,0.000
iaa-deflate,ingress-4-206903b.bin,decompress,3,32768,0.1724,2629.7,11.93,17.71,17.72,1.000,0.000
iaa-deflate,ingress-4-206903b.bin,compress,3,65536,0.1895,851.6,72.16,82.19,82.24,1.000,0.000
iaa-deflate,ingress-4-206903b.bin,decompress,3,65536,0.1895,3123.2,18.91,26.18,26.20,1.000,0.000
iaa-deflate,ingress-4-206903b.bin,compress,3,131072,0.2178,910.8,139.52,149.32,149.93,1.000,0.000
iaa-deflate,ingress-4-206903b.bin,decompress,3,131072,0.2178,2933.4,42.33,49.89,49.92,1.000,0.000
iaa-deflate,ingress-4-206903b.bin,compress,3,0,0.3288,940.1,215.24,225.39,226.08,1.000,0.000
iaa-deflate,ingress-4-206903b.bin,decompress,3,0,0.3288,2512.2,81.72,87.51,87.65,1.000,0.000
iaa-deflate,ingress-4-206903b.bin,compress,6,8192,0.0378,447.3,13.54,27.48,27.58,1.000,0.000
iaa-deflate,ingress-4-206903b.bin,decompress,6,8192,0.0378,1435.9,3.57,11.18,13.93,1.000,0.000
iaa-deflate,ingress-4-206903b.bin,compress,6,16384,0.1337,592.3,24.22,32.90,32.90,1.000,0.000
iaa-deflate,ingress-4-206903b.bin,decompress,6,16384,0.1337,2022.0,5.89,13.36,13.39,1.000,0.000
iaa-deflate,ingress-4-206903b.bin,compress,6,32768,0.1724,743.1,39.45,49.34,49.35,1.000,0.000
iaa-deflate,ingress-4-206903b.bin,decompress,6,32768,0.1724,2610.8,10.17,17.74,17.75,1.000,0.000
iaa-deflate,ingress-4-206903b.bin,compress,6,65536,0.1895,852.0,72.08,82.16,82.18,1.000,0.000
iaa-deflate,ingress-4-206903b.bin,decompress,6,65536,0.1895,3117.9,18.66,26.20,26.21,1.000,0.000
iaa-deflate,ingress-4-206903b.bin,compress,6,131072,0.2178,910.8,139.02,149.26,149.27,1.000,0.000
iaa-deflate,ingress-4-206903b.bin,decompress,6,131072,0.2178,2932.3,42.37,49.89,49.91,1.000,0.000
iaa-deflate,ingress-4-206903b.bin,compress,6,0,0.3288,940.0,215.19,225.35,226.20,1.000,0.000
iaa-deflate,ingress-4-206903b.bin,decompress,6,0,0.3288,2512.0,80.23,87.54,87.62,1.000,0.000
iaa-deflate,ingress-4-206903b.bin,compress,9,8192,0.0378,445.3,13.67,23.68,23.70,1.000,0.000
iaa-deflate,ingress-4-206903b.bin,decompress,9,8192,0.0378,1448.9,3.54,11.08,11.10,1.000,0.000
iaa-deflate,ingress-4-206903b.bin,compress,9,16384,0.1337,593.6,22.78,33.05,33.28,1.000,0.000
iaa-deflate,ingress-4-206903b.bin,decompress,9,16384,0.1337,1991.7,5.84,13.42,13.42,1.000,0.000
iaa-deflate,ingress-4-206903b.bin,compress,9,32768,0.1724,742.3,39.24,49.36,49.40,1.000,0.000
iaa-deflate,ingress-4-206903b.bin,decompress,9,32768,0.1724,2622.1,10.18,17.69,17.70,1.000,0.000
iaa-deflate,ingress-4-206903b.bin,compress,9,65536,0.1895,851.6,72.17,82.19,82.21,1.000,0.000
iaa-deflate,ingress-4-206903b.bin,decompress,9,65536,0.1895,3137.4,19.03,26.18,26.19,1.000,0.000
iaa-deflate,ingress-4-206903b.bin,compress,9,131072,0.2178,910.9,139.00,149.26,149.26,1.000,0.000
iaa-deflate,ingress-4-206903b.bin,decompress,9,131072,0.2178,2933.5,42.32,49.91,49.93,1.000,0.000
iaa-deflate,ingress-4-206903b.bin,compress,9,0,0.3288,940.1,216.57,225.56,225.98,1.000,0.000
iaa-deflate,ingress-4-206903b.bin,decompress,9,0,0.3288,2512.9,80.04,87.49,87.50,1.000,0.000
iaa-deflate,ingress-0-1316b.bin,compress,1,8192,0.4347,187.2,4.87,12.31,12.31,1.000,0.000
iaa-deflate,ingress-0-1316b.bin,decompress,1,8192,0.4347,256.4,3.00,10.54,10.56,1.000,0.000
iaa-deflate,ingress-0-1316b.bin,compress,1,16384,0.4347,190.3,4.87,12.32,12.34,1.000,0.000
iaa-deflate,ingress-0-1316b.bin,decompress,1,16384,0.4347,259.9,2.70,10.55,10.55,1.000,0.000
iaa-deflate,ingress-0-1316b.bin,compress,1,32768,0.4347,187.0,4.87,12.33,12.33,1.000,0.000
iaa-deflate,ingress-0-1316b.bin,decompress,1,32768,0.4347,256.3,3.02,10.55,10.60,1.000,0.000
iaa-deflate,ingress-0-1316b.bin,compress,1,65536,0.4347,191.8,4.90,12.31,12.32,1.000,0.000
iaa-deflate,ingress-0-1316b.bin,decompress,1,65536,0.4347,256.3,3.00,10.55,10.56,1.000,0.000
iaa-deflate,ingress-0-1316b.bin,compress,1,131072,0.4347,187.3,4.86,12.32,12.33,1.000,0.000
iaa-deflate,ingress-0-1316b.bin,decompress,1,131072,0.4347,256.6,2.99,10.52,10.56,1.000,0.000
iaa-deflate,ingress-0-1316b.bin,compress,1,0,0.4347,187.1,4.87,12.32,12.33,1.000,0.000
iaa-deflate,ingress-0-1316b.bin,decompress,1,0,0.4347,256.8,3.01,10.56,10.59,1.000,0.000
iaa-deflate,ingress-0-1316b.bin,compress,3,8192,0.4347,187.0,4.89,12.32,12.35,1.000,0.000
iaa-deflate,ingress-0-1316b.bin,decompress,3,8192,0.4347,265.5,3.02,10.56,10.60,1.000,0.000
iaa-deflate,ingress-0-1316b.bin,compress,3,16384,0.4347,188.0,4.57,12.31,12.34,1.000,0.000
iaa-deflate,ingress-0-1316b.bin,decompress,3,16384,0.4347,256.2,2.98,10.56,10.56,1.000,0.000
iaa-deflate,ingress-0-1316b.bin,compress,3,32768,0.4347,187.3,4.87,12.28,12.30,1.000,0.000
iaa-deflate,ingress-0-1316b.bin,decompress,3,32768,0.4347,276.5,2.97,10.01,10.06,1.000,0.000
iaa-deflate,ingress-0-1316b.bin,compress,3,65536,0.4347,186.8,4.88,12.33,12.36,1.000,0.000
iaa-deflate,ingress-0-1316b.bin,decompress,3,65536,0.4347,256.5,3.00,10.55,10.57,1.000,0.000
iaa-deflate,ingress-0-1316b.bin,compress,3,131072,0.4347,187.0,4.88,12.32,12.34,1.000,0.000
iaa-deflate,ingress-0-1316b.bin,decompress,3,131072,0.4347,256.5,3.90,10.55,10.59,1.000,0.000
iaa-deflate,ingress-0-1316b.bin,compress,3,0,0.4347,186.9,4.87,12.32,12.34,1.000,0.000
iaa-deflate,ingress-0-1316b.bin,decompress,3,0,0.4347,256.3,2.99,10.56,10.60,1.000,0.000
iaa-deflate,ingress-0-1316b.bin,compress,6,8192,0.4347,192.4,4.88,12.30,12.32,1.000,0.000
iaa-deflate,ingress-0-1316b.bin,decompress,6,8192,0.4347,256.5,3.00,10.56,10.57,1.000,0.000
iaa-deflate,ingress-0-1316b.bin,compress,6,16384,0.4347,186.4,4.87,12.33,12.45,1.000,0.000
iaa-deflate,ingress-0-1316b.bin,decompress,6,16384,0.4347,269.6,2.60,10.55,10.56,1.000,0.000
iaa-deflate,ingress-0-1316b.bin,compress,6,32768,0.4347,192.3,4.90,12.09,12.13,1.000,0.000
iaa-deflate,ingress-0-1316b.bin,decompress,6,32768,0.4347,255.3,3.00,10.57,10.57,1.000,0.000
iaa-deflate,ingress-0-1316b.bin,compress,6,65536,0.4347,186.4,5.16,12.32,12.33,1.000,0.000
iaa-deflate,ingress-0-1316b.bin,decompress,6,65536,0.4347,255.1,3.00,10.55,10.58,1.000,0.000
iaa-deflate,ingress-0-1316b.bin,compress,6,131072,0.4347,186.2,6.38,12.33,12.35,1.000,0.000
iaa-deflate,ingress-0-1316b.bin,decompress,6,131072,0.4347,255.7,3.01,10.56,10.57,1.000,0.000
iaa-deflate,ingress-0-1316b.bin,compress,6,0,0.4347,187.0,5.64,12.33,12.44,1.000,0.000
iaa-deflate,ingress-0-1316b.bin,decompress,6,0,0.4347,284.7,2.59,10.04,10.04,1.000,0.000
iaa-deflate,ingress-0-1316b.bin,compress,9,8192,0.4347,186.9,4.87,12.33,12.34,1.000,0.000
iaa-deflate,ingress-0-1316b.bin,decompress,9,8192,0.4347,257.0,3.00,10.54,10.54,1.000,0.000
iaa-deflate,ingress-0-1316b.bin,compress,9,16384,0.4347,188.3,4.88,12.32,12.34,1.000,0.000
iaa-deflate,ingress-0-1316b.bin,decompress,9,16384,0.4347,265.4,3.00,10.21,10.22,1.000,0.000
iaa-deflate,ingress-0-1316b.bin,compress,9,32768,0.4347,187.1,5.29,12.33,12.33,1.000,0.000
iaa-deflate,ingress-0-1316b.bin,decompress,9,32768,0.4347,256.4,2.99,10.54,10.56,1.000,0.000
iaa-deflate,ingress-0-1316b.bin,compress,9,65536,0.4347,187.2,5.26,12.28,12.30,1.000,0.000
iaa-deflate,ingress-0-1316b.bin,decompress,9,65536,0.4347,256.9,3.40,10.53,10.54,1.000,0.000
iaa-deflate,ingress-0-1316b.bin,compress,9,131072,0.4347,187.2,4.88,12.30,12.30,1.000,0.000
iaa-deflate,ingress-0-1316b.bin,decompress,9,131072,0.4347,256.5,3.01,10.54,10.63,1.000,0.000
iaa-deflate,ingress-0-1316b.bin,compress,9,0,0.4347,191.6,4.83,12.30,12.33,1.000,0.000
iaa-deflate,ingress-0-1316b.bin,decompress,9,0,0.4347,256.4,3.00,10.54,10.54,1.000,0.000
iaa-deflate,ingress-5-258999b.bin,compress,1,8192,0.0350,446.9,13.47,23.67,23.68,1.000,0.000
iaa-deflate,ingress-5-258999b.bin,decompress,1,8192,0.0350,1454.0,3.56,11.06,11.08,1.000,0.000
iaa-deflate,ingress-5-258999b.bin,compress,1,16384,0.1084,590.7,23.11,33.01,33.54,1.000,0.000
iaa-deflate,ingress-5-258999b.bin,decompress,1,16384,0.1084,2116.7,5.53,13.07,13.07,1.000,0.000
iaa-deflate,ingress-5-258999b.bin,compress,1,32768,0.1593,744.2,39.17,49.98,49.99,1.000,0.000
iaa-deflate,ingress-5-258999b.bin,decompress,1,32768,0.1593,2685.0,9.81,17.37,17.39,1.000,0.000
iaa-deflate,ingress-5-258999b.bin,compress,1,65536,0.1830,852.3,74.31,82.16,82.17,1.000,0.000
iaa-deflate,ingress-5-258999b.bin,decompress,1,65536,0.1830,3167.6,18.30,25.89,25.91,1.000,0.000
iaa-deflate,ingress-5-258999b.bin,compress,1,131072,0.1912,915.2,138.22,148.65,149.27,1.000,0.000
iaa-deflate,ingress-5-258999b.bin,decompress,1,131072,0.1912,3061.5,40.47,48.02,48.06,1.000,0.000
iaa-deflate,ingress-5-258999b.bin,compress,1,0,0.3042,951.9,267.18,277.41,278.01,1.000,0.000
iaa-deflate,ingress-5-258999b.bin,decompress,1,0,0.3042,2519.0,102.26,108.05,108.05,1.000,0.000
iaa-deflate,ingress-5-258999b.bin,compress,3,8192,0.0350,443.7,13.99,23.66,23.66,1.000,0.000
iaa-deflate,ingress-5-258999b.bin,decompress,3,8192,0.0350,1467.4,3.50,11.05,11.07,1.000,0.000
iaa-deflate,ingress-5-258999b.bin,compress,3,16384,0.1084,593.4,22.75,32.88,33.54,1.000,0.000
iaa-deflate,ingress-5-258999b.bin,decompress,3,16384,0.1084,2061.5,5.51,13.15,13.30,1.000,0.000
iaa-deflate,ingress-5-258999b.bin,compress,3,32768,0.1593,742.3,42.72,51.45,52.51,1.000,0.000
iaa-deflate,ingress-5-258999b.bin,decompress,3,32768,0.1593,2697.9,9.90,17.37,17.38,1.000,0.000
iaa-deflate,ingress-5-258999b.bin,compress,3,65536,0.1830,851.9,72.01,82.12,84.26,1.000,0.000
iaa-deflate,ingress-5-258999b.bin,decompress,3,65536,0.1830,3165.6,18.28,25.86,25.88,1.000,0.000
iaa-deflate,ingress-5-258999b.bin,compress,3,131072,0.1912,915.1,139.07,148.55,148.59,1.000,0.000
iaa-deflate,ingress-5-258999b.bin,decompress,3,131072,0.1912,3061.3,40.70,48.03,48.07,1.000,0.000
iaa-deflate,ingress-5-258999b.bin,compress,3,0,0.3042,952.0,267.94,277.35,277.37,1.000,0.000
iaa-deflate,ingress-5-258999b.bin,decompress,3,0,0.3042,2517.9,100.61,108.05,108.06,1.000,0.000
iaa-deflate,ingress-5-258999b.bin,compress,6,8192,0.0350,445.8,13.58,23.64,23.64,1.000,0.000
iaa-deflate,ingress-5-258999b.bin,decompress,6,8192,0.0350,1461.4,3.50,10.76,10.77,1.000,0.000
iaa-deflate,ingress-5-258999b.bin,compress,6,16384,0.1084,591.4,22.76,32.83,32.86,1.000,0.000
iaa-deflate,ingress-5-258999b.bin,decompress,6,16384,0.1084,2080.9,5.51,13.17,14.06,1.000,0.000
iaa-deflate,ingress-5-258999b.bin,compress,6,32768,0.1593,743.3,39.27,49.27,49.30,1.000,0.000
iaa-deflate,ingress-5-258999b.bin,decompress,6,32768,0.1593,2686.8,9.86,17.34,17.35,1.000,0.000
iaa-deflate,ingress-5-258999b.bin,compress,6,65536,0.1830,852.9,72.52,82.11,82.12,1.000,0.000
iaa-deflate,ingress-5-258999b.bin,decompress,6,65536,0.1830,3172.4,18.56,25.86,25.86,1.000,0.000
iaa-deflate,ingress-5-258999b.bin,compress,6,131072,0.1912,915.2,138.22,148.57,148.58,1.000,0.000
iaa-deflate,ingress-5-258999b.bin,decompress,6,131072,0.1912,3060.7,40.47,48.06,48.07,1.000,0.000
iaa-deflate,ingress-5-258999b.bin,compress,6,0,0.3042,951.9,267.19,277.38,278.04,1.000,0.000
iaa-deflate,ingress-5-258999b.bin,decompress,6,0,0.3042,2518.0,100.61,108.01,108.02,1.000,0.000
iaa-deflate,ingress-5-258999b.bin,compress,9,8192,0.0350,443.6,13.85,23.64,23.64,1.000,0.000
iaa-deflate,ingress-5-258999b.bin,decompress,9,8192,0.0350,1476.9,3.49,11.05,11.07,1.000,0.000
iaa-deflate,ingress-5-258999b.bin,compress,9,16384,0.1084,595.0,22.75,32.85,32.87,1.000,0.000
iaa-deflate,ingress-5-258999b.bin,decompress,9,16384,0.1084,2093.6,7.25,13.04,13.05,1.000,0.000
iaa-deflate,ingress-5-258999b.bin,compress,9,32768,0.1593,744.5,39.17,49.29,49.33,1.000,0.000
iaa-deflate,ingress-5-258999b.bin,decompress,9,32768,0.1593,2687.5,9.80,17.37,17.39,1.000,0.000
iaa-deflate,ingress-5-258999b.bin,compress,9,65536,0.1830,852.2,72.46,82.13,82.16,1.000,0.000
iaa-deflate,ingress-5-258999b.bin,decompress,9,65536,0.1830,3166.6,18.40,25.86,25.87,1.000,0.000
iaa-deflate,ingress-5-258999b.bin,compress,9,131072,0.1912,915.3,138.22,148.57,148.62,1.000,0.000
iaa-deflate,ingress-5-258999b.bin,decompress,9,131072,0.1912,3059.3,42.25,48.08,48.08,1.000,0.000
iaa-deflate,ingress-5-258999b.bin,compress,9,0,0.3042,951.8,269.34,277.44,278.00,1.000,0.000
iaa-deflate,ingress-5-258999b.bin,decompress,9,0,0.3042,2519.0,100.42,108.06,108.10,1.000,0.000
iaa-deflate,ingress-1-3781b.bin,compress,1,8192,0.3682,356.3,8.23,15.74,15.76,1.000,0.000
iaa-deflate,ingress-1-3781b.bin,decompress,1,8192,0.3682,604.8,4.13,11.68,11.70,1.000,0.000
iaa-deflate,ingress-1-3781b.bin,compress,1,16384,0.3682,362.9,8.16,15.71,15.74,1.000,0.000
iaa-deflate,ingress-1-3781b.bin,decompress,1,16384,0.3682,604.1,4.12,11.68,11.69,1.000,0.000
iaa-deflate,ingress-1-3781b.bin,compress,1,32768,0.3682,356.1,8.15,15.77,15.78,1.000,0.000
iaa-deflate,ingress-1-3781b.bin,decompress,1,32768,0.3682,605.6,4.11,11.64,11.65,1.000,0.000
iaa-deflate,ingress-1-3781b.bin,compress,1,65536,0.3682,356.4,8.16,15.72,15.74,0.998,0.002
iaa-deflate,ingress-1-3781b.bin,decompress,1,65536,0.3682,627.2,4.12,11.71,11.74,1.000,0.000
iaa-deflate,ingress-1-3781b.bin,compress,1,131072,0.3682,356.6,8.15,15.72,15.72,1.000,0.000
iaa-deflate,ingress-1-3781b.bin,decompress,1,131072,0.3682,605.5,4.12,11.66,11.67,1.000,0.000
iaa-deflate,ingress-1-3781b.bin,compress,1,0,0.3682,360.6,8.16,15.72,15.73,1.000,0.000
iaa-deflate,ingress-1-3781b.bin,decompress,1,0,0.3682,604.3,4.14,11.68,11.68,1.000,0.000
iaa-deflate,ingress-1-3781b.bin,compress,3,8192,0.3682,355.9,8.16,15.75,15.77,1.000,0.000
iaa-deflate,ingress-1-3781b.bin,decompress,3,8192,0.3682,603.9,6.05,11.66,11.66,1.000,0.000
iaa-deflate,ingress-1-3781b.bin,compress,3,16384,0.3682,356.3,8.16,15.81,15.83,1.000,0.000
iaa-deflate,ingress-1-3781b.bin,decompress,3,16384,0.3682,623.2,3.73,11.66,11.74,1.000,0.000
iaa-deflate,ingress-1-3781b.bin,compress,3,32768,0.3682,356.1,8.18,15.73,15.73,1.000,0.000
iaa-deflate,ingress-1-3781b.bin,decompress,3,32768,0.3682,627.0,3.71,11.67,11.73,1.000,0.000
iaa-deflate,ingress-1-3781b.bin,compress,3,65536,0.3682,359.6,8.16,15.69,15.70,1.000,0.000
iaa-deflate,ingress-1-3781b.bin,decompress,3,65536,0.3682,604.7,4.10,11.66,11.67,1.000,0.000
iaa-deflate,ingress-1-3781b.bin,compress,3,131072,0.3682,356.2,9.14,15.72,15.75,1.000,0.000
iaa-deflate,ingress-1-3781b.bin,decompress,3,131072,0.3682,604.9,4.14,11.64,11.68,1.000,0.000
iaa-deflate,ingress-1-3781b.bin,compress,3,0,0.3682,357.0,8.15,15.81,15.96,1.000,0.000
iaa-deflate,ingress-1-3781b.bin,decompress,3,0,0.3682,646.4,3.74,11.35,11.35,1.000,0.000
iaa-deflate,ingress-1-3781b.bin,compress,6,8192,0.3682,355.9,10.59,15.78,15.79,1.000,0.000
iaa-deflate,ingress-1-3781b.bin,decompress,6,8192,0.3682,607.5,4.13,11.67,11.73,1.000,0.000
iaa-deflate,ingress-1-3781b.bin,compress,6,16384,0.3682,358.4,10.09,15.70,15.71,1.000,0.000
iaa-deflate,ingress-1-3781b.bin,decompress,6,16384,0.3682,605.1,4.13,11.68,11.69,1.000,0.000
iaa-deflate,ingress-1-3781b.bin,compress,6,32768,0.3682,356.5,8.16,15.72,15.73,1.000,0.000
iaa-deflate,ingress-1-3781b.bin,decompress,6,32768,0.3682,604.5,4.12,11.65,11.66,1.000,0.000
iaa-deflate,ingress-1-3781b.bin,compress,6,65536,0.3682,357.8,8.17,15.79,15.84,1.000,0.000
iaa-deflate,ingress-1-3781b.bin,decompress,6,65536,0.3682,616.5,3.74,11.66,11.67,1.000,0.000
iaa-deflate,ingress-1-3781b.bin,compress,6,131072,0.3682,356.2,8.80,15.77,15.77,1.000,0.000
iaa-deflate,ingress-1-3781b.bin,decompress,6,131072,0.3682,613.0,4.14,11.67,11.67,1.000,0.000
iaa-deflate,ingress-1-3781b.bin,compress,6,0,0.3682,358.3,8.16,15.72,15.76,1.000,0.000
iaa-deflate,ingress-1-3781b.bin,decompress,6,0,0.3682,604.6,4.14,11.63,11.64,1.000,0.000
iaa-deflate,ingress-1-3781b.bin,compress,9,8192,0.3682,356.1,8.16,15.79,15.83,1.000,0.000
iaa-deflate,ingress-1-3781b.bin,decompress,9,8192,0.3682,604.6,4.12,11.66,11.71,1.000,0.000
iaa-deflate,ingress-1-3781b.bin,compress,9,16384,0.3682,358.5,9.84,15.71,15.72,1.000,0.000
iaa-deflate,ingress-1-3781b.bin,decompress,9,16384,0.3682,608.6,3.94,11.68,12.59,1.000,0.000
iaa-deflate,ingress-1-3781b.bin,compress,9,32768,0.3682,356.3,9.52,15.71,15.72,1.000,0.000
iaa-deflate,ingress-1-3781b.bin,decompress,9,32768,0.3682,618.2,4.62,11.40,11.68,1.000,0.000
iaa-deflate,ingress-1-3781b.bin,compress,9,65536,0.3682,356.4,8.17,15.77,16.44,1.000,0.000
iaa-deflate,ingress-1-3781b.bin,decompress,9,65536,0.3682,618.7,4.13,11.65,11.68,1.000,0.000
iaa-deflate,ingress-1-3781b.bin,compress,9,131072,0.3682,356.8,8.17,15.78,15.79,1.000,0.000
iaa-deflate,ingress-1-3781b.bin,decompress,9,131072,0.3682,604.5,4.12,11.67,11.68,1.000,0.000
iaa-deflate,ingress-1-3781b.bin,compress,9,0,0.3682,359.5,8.17,15.72,15.75,1.000,0.000
iaa-deflate,ingress-1-3781b.bin,decompress,9,0,0.3682,606.4,4.10,11.65,11.67,1.000,0.000
iaa-deflate,ingress-7-1292095b.bin,compress,1,8192,0.0354,446.4,13.79,23.64,23.68,1.000,0.000
iaa-deflate,ingress-7-1292095b.bin,decompress,1,8192,0.0354,1452.0,3.50,11.08,11.13,1.000,0.000
iaa-deflate,ingress-7-1292095b.bin,compress,1,16384,0.0275,613.9,22.00,31.80,31.83,1.000,0.000
iaa-deflate,ingress-7-1292095b.bin,decompress,1,16384,0.0275,2340.9,4.61,12.21,12.22,1.000,0.000
iaa-deflate,ingress-7-1292095b.bin,compress,1,32768,0.0235,760.6,38.41,48.23,48.23,1.000,0.000
iaa-deflate,ingress-7-1292095b.bin,decompress,1,32768,0.0235,3613.9,6.69,14.22,14.24,1.000,0.000
iaa-deflate,ingress-7-1292095b.bin,compress,1,65536,0.0707,852.2,72.08,82.29,82.32,1.000,0.000
iaa-deflate,ingress-7-1292095b.bin,decompress,1,65536,0.0707,3851.5,14.74,22.27,22.28,1.000,0.000
iaa-deflate,ingress-7-1292095b.bin,compress,1,131072,0.1337,919.1,137.90,147.92,147.94,0.999,0.001
iaa-deflate,ingress-7-1292095b.bin,decompress,1,131072,0.1337,3136.4,39.45,47.01,47.02,1.000,0.000
iaa-deflate,ingress-7-1292095b.bin,compress,1,0,0.3078,990.3,1301.04,1309.03,1309.06,1.000,0.000
iaa-deflate,ingress-7-1292095b.bin,decompress,1,0,0.3078,2587.8,497.55,503.20,503.21,1.000,0.000
iaa-deflate,ingress-7-1292095b.bin,compress,3,8192,0.0354,503.4,12.61,20.81,20.84,1.000,0.000
iaa-deflate,ingress-7-1292095b.bin,decompress,3,8192,0.0354,1730.1,3.03,8.86,8.87,1.000,0.000
iaa-deflate,ingress-7-1292095b.bin,compress,3,16384,0.0275,658.3,21.25,30.09,30.14,1.000,0.000
iaa-deflate,ingress-7-1292095b.bin,decompress,3,16384,0.0275,2481.6,4.67,11.17,12.55,0.989,0.011
iaa-deflate,ingress-7-1292095b.bin,compress,3,32768,0.0235,763.1,41.54,48.49,50.23,1.000,0.000
iaa-deflate,ingress-7-1292095b.bin,decompress,3,32768,0.0235,3656.9,6.67,14.28,14.30,1.000,0.000
iaa-deflate,ingress-7-1292095b.bin,compress,3,65536,0.0707,852.0,72.08,82.09,82.16,1.000,0.000
iaa-deflate,ingress-7-1292095b.bin,decompress,3,65536,0.0707,3847.5,14.87,22.31,22.36,1.000,0.000
iaa-deflate,ingress-7-1292095b.bin,compress,3,131072,0.1337,922.4,137.64,149.37,149.65,1.000,0.000
iaa-deflate,ingress-7-1292095b.bin,decompress,3,131072,0.1337,3134.7,39.43,47.03,47.03,1.000,0.000
iaa-deflate,ingress-7-1292095b.bin,compress,3,0,0.3078,990.4,1301.08,1308.96,1308.99,1.000,0.000
iaa-deflate,ingress-7-1292095b.bin,decompress,3,0,0.3078,2587.8,497.55,503.22,503.28,1.000,0.000
iaa-deflate,ingress-7-1292095b.bin,compress,6,8192,0.0354,508.8,12.57,20.26,20.26,1.000,0.000
iaa-deflate,ingress-7-1292095b.bin,decompress,6,8192,0.0354,1730.2,3.04,8.96,8.97,1.000,0.000
iaa-deflate,ingress-7-1292095b.bin,compress,6,16384,0.0275,653.9,21.21,29.98,30.06,1.000,0.000
iaa-deflate,ingress-7-1292095b.bin,decompress,6,16384,0.0275,2495.6,4.52,11.25,11.25,1.000,0.000
iaa-deflate,ingress-7-1292095b.bin,compress,6,32768,0.0235,763.0,43.96,48.35,48.92,1.000,0.000
iaa-deflate,ingress-7-1292095b.bin,decompress,6,32768,0.0235,3710.8,6.69,14.23,14.26,1.000,0.000
iaa-deflate,ingress-7-1292095b.bin,compress,6,65536,0.0707,852.1,72.10,82.14,82.19,1.000,0.000
iaa-deflate,ingress-7-1292095b.bin,decompress,6,65536,0.0707,3821.0,14.76,22.29,22.35,1.000,0.000
iaa-deflate,ingress-7-1292095b.bin,compress,6,131072,0.1337,888.6,137.67,147.93,147.96,1.000,0.000
iaa-deflate,ingress-7-1292095b.bin,decompress,6,131072,0.1337,3137.4,39.52,47.02,47.06,1.000,0.000
iaa-deflate,ingress-7-1292095b.bin,compress,6,0,0.3078,990.3,1301.44,1309.36,1312.82,1.000,0.000
iaa-deflate,ingress-7-1292095b.bin,decompress,6,0,0.3078,2587.9,497.53,503.15,503.18,1.000,0.000
iaa-deflate,ingress-7-1292095b.bin,compress,9,8192,0.0354,503.0,19.05,20.45,20.48,0.991,0.009
iaa-deflate,ingress-7-1292095b.bin,decompress,9,8192,0.0354,1724.7,3.05,8.95,9.04,1.000,0.000
iaa-deflate,ingress-7-1292095b.bin,compress,9,16384,0.0275,651.9,21.31,30.30,30.32,1.000,0.000
iaa-deflate,ingress-7-1292095b.bin,decompress,9,16384,0.0275,2541.8,4.88,11.38,11.40,1.000,0.000
iaa-deflate,ingress-7-1292095b.bin,compress,9,32768,0.0235,767.3,37.87,48.23,48.24,1.000,0.000
iaa-deflate,ingress-7-1292095b.bin,decompress,9,32768,0.0235,3640.5,7.18,14.26,14.27,1.000,0.000
iaa-deflate,ingress-7-1292095b.bin,compress,9,65536,0.0707,852.4,72.95,82.11,82.12,1.000,0.000
iaa-deflate,ingress-7-1292095b.bin,decompress,9,65536,0.0707,3839.1,14.76,22.37,22.37,1.000,0.000
iaa-deflate,ingress-7-1292095b.bin,compress,9,131072,0.1337,918.7,138.43,148.66,148.68,1.000,0.000
iaa-deflate,ingress-7-1292095b.bin,decompress,9,131072,0.1337,3135.9,39.57,47.00,47.01,1.000,0.000
iaa-deflate,ingress-7-1292095b.bin,compress,9,0,0.3078,990.4,1301.14,1308.97,1309.00,1.000,0.000
iaa-deflate,ingress-7-1292095b.bin,decompress,9,0,0.3078,2588.0,497.51,503.19,503.19,1.000,0.000
iaa-deflate,egress-2-12553b.bin,compress,1,8192,0.2357,450.7,14.62,22.32,22.35,1.000,0.000
iaa-deflate,egress-2-12553b.bin,decompress,1,8192,0.2357,1287.9,4.64,10.44,10.44,1.000,0.000
iaa-deflate,egress-2-12553b.bin,compress,1,16384,0.3174,541.9,19.59,27.82,27.83,1.000,0.000
iaa-deflate,egress-2-12553b.bin,decompress,1,16384,0.3174,1363.6,7.50,13.72,13.72,1.000,0.000
iaa-deflate,egress-2-12553b.bin,compress,1,32768,0.3174,504.8,20.45,31.95,33.77,1.000,0.000
iaa-deflate,egress-2-12553b.bin,decompress,1,32768,0.3174,1264.1,9.11,15.10,15.12,1.000,0.000
iaa-deflate,egress-2-12553b.bin,compress,1,65536,0.3174,503.4,23.29,30.15,30.24,1.000,0.000
iaa-deflate,egress-2-12553b.bin,decompress,1,65536,0.3174,1282.1,7.55,15.06,15.09,1.000,0.000
iaa-deflate,egress-2-12553b.bin,compress,1,131072,0.3174,501.4,20.12,30.17,30.17,1.000,0.000
iaa-deflate,egress-2-12553b.bin,decompress,1,131072,0.3174,1264.8,8.30,15.07,15.11,1.000,0.000
iaa-deflate,egress-2-12553b.bin,compress,1,0,0.3174,503.4,20.07,30.13,30.14,1.000,0.000
iaa-deflate,egress-2-12553b.bin,decompress,1,0,0.3174,1276.7,8.17,15.09,15.11,1.000,0.000
iaa-deflate,egress-2-12553b.bin,compress,3,8192,0.2357,397.3,15.61,26.18,26.42,1.000,0.000
iaa-deflate,egress-2-12553b.bin,decompress,3,8192,0.2357,1113.5,7.23,12.71,12.73,1.000,0.000
iaa-deflate,egress-2-12553b.bin,compress,3,16384,0.3174,505.9,20.07,30.21,30.80,1.000,0.000
iaa-deflate,egress-2-12553b.bin,decompress,3,16384,0.3174,1281.8,7.53,15.06,15.12,1.000,0.000
iaa-deflate,egress-2-12553b.bin,compress,3,32768,0.3174,503.4,20.07,30.20,30.21,1.000,0.000
iaa-deflate,egress-2-12553b.bin,decompress,3,32768,0.3174,1265.0,7.53,15.07,15.08,1.000,0.000
iaa-deflate,egress-2-12553b.bin,compress,3,65536,0.3174,503.4,20.08,30.21,30.40,1.000,0.000
iaa-deflate,egress-2-12553b.bin,decompress,3,65536,0.3174,1282.1,8.50,15.04,15.05,1.000,0.000
iaa-deflate,egress-2-12553b.bin,compress,3,131072,0.3174,501.3,20.09,30.16,30.20,1.000,0.000
iaa-deflate,egress-2-12553b.bin,decompress,3,131072,0.3174,1264.7,7.52,15.20,15.30,1.000,0.000
iaa-deflate,egress-2-12553b.bin,compress,3,0,0.3174,503.1,20.35,30.19,30.81,1.000,0.000
iaa-deflate,egress-2-12553b.bin,decompress,3,0,0.3174,1273.2,7.52,15.09,15.14,1.000,0.000
iaa-deflate,egress-2-12553b.bin,compress,6,8192,0.2357,395.3,19.11,25.75,25.82,0.992,0.008
iaa-deflate,egress-2-12553b.bin,decompress,6,8192,0.2357,1114.1,5.22,12.71,12.77,1.000,0.000
iaa-deflate,egress-2-12553b.bin,compress,6,16384,0.3174,504.5,20.18,30.20,30.88,1.000,0.000
iaa-deflate,egress-2-12553b.bin,decompress,6,16384,0.3174,1283.9,7.57,15.09,15.14,1.000,0.000
iaa-deflate,egress-2-12553b.bin,compress,6,32768,0.3174,501.3,20.07,30.16,30.53,1.000,0.000
iaa-deflate,egress-2-12553b.bin,decompress,6,32768,0.3174,1265.0,7.52,15.08,15.09,1.000,0.000
iaa-deflate,egress-2-12553b.bin,compress,6,65536,0.3174,505.2,20.07,30.14,30.15,1.000,0.000
iaa-deflate,egress-2-12553b.bin,decompress,6,65536,0.3174,1276.6,9.27,15.09,15.10,1.000,0.000
iaa-deflate,egress-2-12553b.bin,compress,6,131072,0.3174,501.1,20.46,30.20,30.43,1.000,0.000
iaa-deflate,egress-2-12553b.bin,decompress,6,131072,0.3174,1270.5,7.52,15.08,15.11,1.000,0.000
iaa-deflate,egress-2-12553b.bin,compress,6,0,0.3174,503.2,20.07,30.14,30.21,1.000,0.000
iaa-deflate,egress-2-12553b.bin,decompress,6,0,0.3174,1267.9,7.53,15.06,15.11,1.000,0.000
iaa-deflate,egress-2-12553b.bin,compress,9,8192,0.2357,397.4,15.62,25.76,25.84,1.000,0.000
iaa-deflate,egress-2-12553b.bin,decompress,9,8192,0.2357,1115.4,5.18,12.67,12.71,1.000,0.000
iaa-deflate,egress-2-12553b.bin,compress,9,16384,0.3174,503.4,20.06,30.20,30.56,1.000,0.000
iaa-deflate,egress-2-12553b.bin,decompress,9,16384,0.3174,1284.7,7.52,15.06,15.07,1.000,0.000
iaa-deflate,egress-2-12553b.bin,compress,9,32768,0.3174,502.8,20.42,30.19,31.80,1.000,0.000
iaa-deflate,egress-2-12553b.bin,decompress,9,32768,0.3174,1263.9,7.55,15.07,15.10,1.000,0.000
iaa-deflate,egress-2-12553b.bin,compress,9,65536,0.3174,503.4,20.12,30.16,30.17,1.000,0.000
iaa-deflate,egress-2-12553b.bin,decompress,9,65536,0.3174,1272.1,7.78,15.15,15.26,1.000,0.000
iaa-deflate,egress-2-12553b.bin,compress,9,131072,0.3174,500.2,21.18,30.22,33.27,1.000,0.000
iaa-deflate,egress-2-12553b.bin,decompress,9,131072,0.3174,1271.2,7.69,15.08,15.09,1.000,0.000
iaa-deflate,egress-2-12553b.bin,compress,9,0,0.3174,503.4,20.08,30.16,30.16,1.000,0.000
iaa-deflate,egress-2-12553b.bin,decompress,9,0,0.3174,1264.7,7.53,15.08,15.10,1.000,0.000
iaa-deflate,egress-7-423691b.bin,compress,1,8192,0.1882,418.0,15.21,24.72,24.72,1.000,0.000
iaa-deflate,egress-7-423691b.bin,decompress,1,8192,0.1882,1113.8,5.19,12.48,12.69,1.000,0.000
iaa-deflate,egress-7-423691b.bin,compress,1,16384,0.1989,592.0,22.97,32.91,32.91,1.000,0.000
iaa-deflate,egress-7-423691b.bin,decompress,1,16384,0.1989,1526.6,8.38,16.62,16.64,1.000,0.000
iaa-deflate,egress-7-423691b.bin,compress,1,32768,0.2025,743.2,39.37,49.29,49.52,1.000,0.000
iaa-deflate,egress-7-423691b.bin,decompress,1,32768,0.2025,1945.1,14.53,22.07,22.10,1.000,0.000
iaa-deflate,egress-7-423691b.bin,compress,1,65536,0.2042,848.8,76.14,82.18,82.21,0.997,0.003
iaa-deflate,egress-7-423691b.bin,decompress,1,65536,0.2042,2241.3,28.37,34.43,34.46,1.000,0.000
iaa-deflate,egress-7-423691b.bin,compress,1,131072,0.2048,918.6,137.97,148.06,148.41,1.000,0.000
iaa-deflate,egress-7-423691b.bin,decompress,1,131072,0.2048,2431.9,51.52,59.12,59.15,1.000,0.000
iaa-deflate,egress-7-423691b.bin,compress,1,0,0.3240,969.2,432.35,442.97,443.70,1.000,0.000
iaa-deflate,egress-7-423691b.bin,decompress,1,0,0.3240,2423.7,172.46,179.98,180.00,1.000,0.000
iaa-deflate,egress-7-423691b.bin,compress,3,8192,0.1882,424.2,14.71,24.68,24.69,1.000,0.000
iaa-deflate,egress-7-423691b.bin,decompress,3,8192,0.1882,1121.1,5.23,12.49,12.71,1.000,0.000
iaa-deflate,egress-7-423691b.bin,compress,3,16384,0.1989,589.5,22.93,32.87,32.90,1.000,0.000
iaa-deflate,egress-7-423691b.bin,decompress,3,16384,0.1989,1519.3,8.40,15.90,15.93,1.000,0.000
iaa-deflate,egress-7-423691b.bin,compress,3,32768,0.2025,742.9,42.25,49.95,52.63,1.000,0.000
iaa-deflate,egress-7-423691b.bin,decompress,3,32768,0.2025,1934.0,14.56,22.09,22.12,1.000,0.000
iaa-deflate,egress-7-423691b.bin,compress,3,65536,0.2042,851.1,72.21,82.16,82.16,1.000,0.000
iaa-deflate,egress-7-423691b.bin,decompress,3,65536,0.2042,2246.4,26.83,34.37,34.38,1.000,0.000
iaa-deflate,egress-7-423691b.bin,compress,3,131072,0.2048,918.2,137.79,148.80,149.33,1.000,0.000
iaa-deflate,egress-7-423691b.bin,decompress,3,131072,0.2048,2433.4,51.52,59.10,59.12,1.000,0.000
iaa-deflate,egress-7-423691b.bin,compress,3,0,0.3240,969.2,432.32,442.35,442.36,1.000,0.000
iaa-deflate,egress-7-423691b.bin,decompress,3,0,0.3240,2423.1,172.57,180.90,181.11,1.000,0.000
iaa-deflate,egress-7-423691b.bin,compress,6,8192,0.1882,417.3,18.16,25.97,27.58,1.000,0.000
iaa-deflate,egress-7-423691b.bin,decompress,6,8192,0.1882,1113.4,5.19,12.48,12.71,1.000,0.000
iaa-deflate,egress-7-423691b.bin,compress,6,16384,0.1989,592.5,22.98,32.88,33.62,1.000,0.000
iaa-deflate,egress-7-423691b.bin,decompress,6,16384,0.1989,1520.2,8.38,15.96,15.99,1.000,0.000
iaa-deflate,egress-7-423691b.bin,compress,6,32768,0.2025,742.1,39.52,49.92,49.99,1.000,0.000
iaa-deflate,egress-7-423691b.bin,decompress,6,32768,0.2025,1939.6,14.57,22.08,22.09,1.000,0.000
iaa-deflate,egress-7-423691b.bin,compress,6,65536,0.2042,851.3,72.22,82.19,82.19,1.000,0.000
iaa-deflate,egress-7-423691b.bin,decompress,6,65536,0.2042,2241.5,26.83,34.42,34.43,1.000,0.000
iaa-deflate,egress-7-423691b.bin,compress,6,131072,0.2048,918.8,138.03,147.99,147.99,1.000,0.000
iaa-deflate,egress-7-423691b.bin,decompress,6,131072,0.2048,2433.0,51.51,59.11,59.12,1.000,0.000
iaa-deflate,egress-7-423691b.bin,compress,6,0,0.3240,969.1,436.76,442.34,442.38,1.000,0.000
iaa-deflate,egress-7-423691b.bin,decompress,6,0,0.3240,2423.8,172.42,179.99,180.00,1.000,0.000
iaa-deflate,egress-7-423691b.bin,compress,9,8192,0.1882,420.9,15.38,24.74,24.74,1.000,0.000
iaa-deflate,egress-7-423691b.bin,decompress,9,8192,0.1882,1113.4,5.22,12.71,12.71,1.000,0.000
iaa-deflate,egress-7-423691b.bin,compress,9,16384,0.1989,592.2,23.17,32.86,33.54,1.000,0.000
iaa-deflate,egress-7-423691b.bin,decompress,9,16384,0.1989,1518.9,8.37,15.99,15.99,1.000,0.000
iaa-deflate,egress-7-423691b.bin,compress,9,32768,0.2025,742.8,39.33,49.99,50.84,1.000,0.000
iaa-deflate,egress-7-423691b.bin,decompress,9,32768,0.2025,1943.2,14.54,22.13,22.22,1.000,0.000
iaa-deflate,egress-7-423691b.bin,compress,9,65536,0.2042,850.9,72.20,82.18,82.26,1.000,0.000
iaa-deflate,egress-7-423691b.bin,decompress,9,65536,0.2042,2246.5,26.92,34.36,34.37,1.000,0.000
iaa-deflate,egress-7-423691b.bin,compress,9,131072,0.2048,918.3,137.81,147.98,147.99,1.000,0.000
iaa-deflate,egress-7-423691b.bin,decompress,9,131072,0.2048,2432.8,51.51,59.12,59.13,1.000,0.000
iaa-deflate,egress-7-423691b.bin,compress,9,0,0.3240,969.1,432.32,443.16,445.10,1.000,0.000
iaa-deflate,egress-7-423691b.bin,decompress,9,0,0.3240,2423.9,172.47,179.97,179.99,1.000,0.000
iaa-deflate,egress-5-206881b.bin,compress,1,8192,0.2032,421.1,14.53,24.82,25.43,1.000,0.000
iaa-deflate,egress-5-206881b.bin,decompress,1,8192,0.2032,1067.6,5.50,12.97,13.01,1.000,0.000
iaa-deflate,egress-5-206881b.bin,compress,1,16384,0.1980,592.1,22.83,32.93,34.70,1.000,0.000
iaa-deflate,egress-5-206881b.bin,decompress,1,16384,0.1980,1495.1,8.63,16.18,16.23,1.000,0.000
iaa-deflate,egress-5-206881b.bin,compress,1,32768,0.1941,743.2,39.34,49.46,49.97,1.000,0.000
iaa-deflate,egress-5-206881b.bin,decompress,1,32768,0.1941,1914.9,14.89,22.38,22.61,1.000,0.000
iaa-deflate,egress-5-206881b.bin,compress,1,65536,0.1927,850.6,72.12,82.30,82.34,1.000,0.000
iaa-deflate,egress-5-206881b.bin,decompress,1,65536,0.1927,2227.7,27.13,34.61,34.62,1.000,0.000
iaa-deflate,egress-5-206881b.bin,compress,1,131072,0.2153,909.0,139.16,149.54,149.54,1.000,0.000
iaa-deflate,egress-5-206881b.bin,decompress,1,131072,0.2153,2515.0,49.77,57.32,57.34,1.000,0.000
iaa-deflate,egress-5-206881b.bin,compress,1,0,0.3198,940.0,215.13,225.37,225.39,1.000,0.000
iaa-deflate,egress-5-206881b.bin,decompress,1,0,0.3198,2346.1,86.10,93.36,93.39,1.000,0.000
iaa-deflate,egress-5-206881b.bin,compress,3,8192,0.2032,421.3,14.89,24.81,25.64,1.000,0.000
iaa-deflate,egress-5-206881b.bin,decompress,3,8192,0.2032,1068.4,5.53,12.82,13.03,1.000,0.000
iaa-deflate,egress-5-206881b.bin,compress,3,16384,0.1980,590.3,22.74,32.93,33.58,1.000,0.000
iaa-deflate,egress-5-206881b.bin,decompress,3,16384,0.1980,1500.1,8.62,16.19,16.23,1.000,0.000
iaa-deflate,egress-5-206881b.bin,compress,3,32768,0.1941,743.3,39.16,49.30,49.30,1.000,0.000
iaa-deflate,egress-5-206881b.bin,decompress,3,32768,0.1941,1908.7,14.81,22.31,22.37,1.000,0.000
iaa-deflate,egress-5-206881b.bin,compress,3,65536,0.1927,851.6,72.36,82.90,83.27,1.000,0.000
iaa-deflate,egress-5-206881b.bin,decompress,3,65536,0.1927,2224.3,27.12,34.66,34.66,1.000,0.000
iaa-deflate,egress-5-206881b.bin,compress,3,131072,0.2153,908.9,142.89,149.53,150.26,1.000,0.000
iaa-deflate,egress-5-206881b.bin,decompress,3,131072,0.2153,2515.5,49.76,57.31,57.31,1.000,0.000
iaa-deflate,egress-5-206881b.bin,compress,3,0,0.3198,940.2,215.11,225.36,225.38,1.000,0.000
iaa-deflate,egress-5-206881b.bin,decompress,3,0,0.3198,2345.3,85.90,93.39,93.39,1.000,0.000
iaa-deflate,egress-5-206881b.bin,compress,6,8192,0.2032,418.5,14.88,24.75,24.81,1.000,0.000
iaa-deflate,egress-5-206881b.bin,decompress,6,8192,0.2032,1091.5,5.52,12.79,12.80,1.000,0.000
iaa-deflate,egress-5-206881b.bin,compress,6,16384,0.1980,590.3,22.75,32.92,33.63,1.000,0.000
iaa-deflate,egress-5-206881b.bin,decompress,6,16384,0.1980,1490.3,8.63,16.21,16.27,1.000,0.000
iaa-deflate,egress-5-206881b.bin,compress,6,32768,0.1941,743.9,39.17,49.34,49.35,1.000,0.000
iaa-deflate,egress-5-206881b.bin,decompress,6,32768,0.1941,1906.1,14.81,22.32,22.34,1.000,0.000
iaa-deflate,egress-5-206881b.bin,compress,6,65536,0.1927,850.8,72.14,83.30,85.53,1.000,0.000
iaa-deflate,egress-5-206881b.bin,decompress,6,65536,0.1927,2223.2,27.12,34.65,34.66,1.000,0.000
iaa-deflate,egress-5-206881b.bin,compress,6,131072,0.2153,909.0,139.16,149.56,150.25,1.000,0.000
iaa-deflate,egress-5-206881b.bin,decompress,6,131072,0.2153,2514.9,49.78,57.29,57.33,1.000,0.000
iaa-deflate,egress-5-206881b.bin,compress,6,0,0.3198,940.1,215.33,225.34,225.35,1.000,0.000
iaa-deflate,egress-5-206881b.bin,decompress,6,0,0.3198,2345.3,85.89,93.38,93.39,1.000,0.000
iaa-deflate,egress-5-206881b.bin,compress,9,8192,0.2032,421.8,14.52,24.76,24.76,1.000,0.000
iaa-deflate,egress-5-206881b.bin,decompress,9,8192,0.2032,1100.4,5.21,13.03,13.04,1.000,0.000
iaa-deflate,egress-5-206881b.bin,compress,9,16384,0.1980,591.8,22.75,32.90,32.90,1.000,0.000
iaa-deflate,egress-5-206881b.bin,decompress,9,16384,0.1980,1481.8,8.64,16.23,16.23,1.000,0.000
iaa-deflate,egress-5-206881b.bin,compress,9,32768,0.1941,744.4,39.16,49.99,50.02,1.000,0.000
iaa-deflate,egress-5-206881b.bin,decompress,9,32768,0.1941,1905.5,14.83,22.36,22.39,1.000,0.000
iaa-deflate,egress-5-206881b.bin,compress,9,65536,0.1927,800.2,81.00,83.08,84.46,1.000,0.000
iaa-deflate,egress-5-206881b.bin,decompress,9,65536,0.1927,2223.9,27.13,34.64,34.64,1.000,0.000
iaa-deflate,egress-5-206881b.bin,compress,9,131072,0.2153,908.9,139.17,149.60,149.78,1.000,0.000
iaa-deflate,egress-5-206881b.bin,decompress,9,131072,0.2153,2514.1,49.75,57.40,59.75,1.000,0.000
iaa-deflate,egress-5-206881b.bin,compress,9,0,0.3198,940.0,215.21,225.35,225.39,1.000,0.000
iaa-deflate,egress-5-206881b.bin,decompress,9,0,0.3198,2345.6,85.88,93.43,93.44,1.000,0.000
iaa-deflate,egress-4-93392b.bin,compress,1,8192,0.2032,423.6,16.11,24.76,27.08,1.000,0.000
iaa-deflate,egress-4-93392b.bin,decompress,1,8192,0.2032,1077.5,5.55,13.02,13.03,1.000,0.000
iaa-deflate,egress-4-93392b.bin,compress,1,16384,0.2043,590.0,22.92,32.94,33.55,1.000,0.000
iaa-deflate,egress-4-93392b.bin,decompress,1,16384,0.2043,1476.4,8.70,16.26,16.27,1.000,0.000
iaa-deflate,egress-4-93392b.bin,compress,1,32768,0.2108,740.8,39.37,49.47,50.11,1.000,0.000
iaa-deflate,egress-4-93392b.bin,decompress,1,32768,0.2108,1897.1,14.88,22.41,22.45,1.000,0.000
iaa-deflate,egress-4-93392b.bin,compress,1,65536,0.2228,840.8,73.13,83.20,83.29,1.000,0.000
iaa-deflate,egress-4-93392b.bin,decompress,1,65536,0.2228,2206.3,27.38,34.89,34.90,1.000,0.000
iaa-deflate,egress-4-93392b.bin,compress,1,131072,0.3139,882.0,101.00,111.09,111.22,1.000,0.000
iaa-deflate,egress-4-93392b.bin,decompress,1,131072,0.3139,2190.0,40.29,47.87,47.88,1.000,0.000
iaa-deflate,egress-4-93392b.bin,compress,1,0,0.3139,882.7,100.97,111.09,111.12,1.000,0.000
iaa-deflate,egress-4-93392b.bin,decompress,1,0,0.3139,2189.8,40.30,47.84,47.88,1.000,0.000
iaa-deflate,egress-4-93392b.bin,compress,3,8192,0.2032,421.5,14.59,24.78,24.83,1.000,0.000
iaa-deflate,egress-4-93392b.bin,decompress,3,8192,0.2032,1073.6,5.55,13.01,13.04,1.000,0.000
iaa-deflate,egress-4-93392b.bin,compress,3,16384,0.2043,590.2,28.11,33.02,33.24,1.000,0.000
iaa-deflate,egress-4-93392b.bin,decompress,3,16384,0.2043,1475.3,8.76,16.23,16.25,1.000,0.000
iaa-deflate,egress-4-93392b.bin,compress,3,32768,0.2108,742.3,39.40,49.48,49.53,1.000,0.000
iaa-deflate,egress-4-93392b.bin,decompress,3,32768,0.2108,1896.9,15.43,22.45,22.47,1.000,0.000
iaa-deflate,egress-4-93392b.bin,compress,3,65536,0.2228,840.8,73.24,83.82,83.86,1.000,0.000
iaa-deflate,egress-4-93392b.bin,decompress,3,65536,0.2228,2204.1,27.38,34.91,34.97,1.000,0.000
iaa-deflate,egress-4-93392b.bin,compress,3,131072,0.3139,882.3,101.75,111.10,111.11,1.000,0.000
iaa-deflate,egress-4-93392b.bin,decompress,3,131072,0.3139,2191.6,40.38,47.80,47.80,1.000,0.000
iaa-deflate,egress-4-93392b.bin,compress,3,0,0.3139,882.1,100.97,111.74,111.84,1.000,0.000
iaa-deflate,egress-4-93392b.bin,decompress,3,0,0.3139,2190.5,40.29,47.81,47.82,1.000,0.000
iaa-deflate,egress-4-93392b.bin,compress,6,8192,0.2032,423.5,15.33,24.75,24.77,1.000,0.000
iaa-deflate,egress-4-93392b.bin,decompress,6,8192,0.2032,1068.8,5.22,13.02,13.05,1.000,0.000
iaa-deflate,egress-4-93392b.bin,compress,6,16384,0.2043,591.8,24.08,32.93,32.95,1.000,0.000
iaa-deflate,egress-4-93392b.bin,decompress,6,16384,0.2043,1490.3,8.73,16.27,16.30,1.000,0.000
iaa-deflate,egress-4-93392b.bin,compress,6,32768,0.2108,741.6,39.38,49.46,49.50,1.000,0.000
iaa-deflate,egress-4-93392b.bin,decompress,6,32768,0.2108,1897.3,14.88,22.40,22.41,1.000,0.000
iaa-deflate,egress-4-93392b.bin,compress,6,65536,0.2228,840.1,73.16,83.19,83.34,1.000,0.000
iaa-deflate,egress-4-93392b.bin,decompress,6,65536,0.2228,2202.1,29.65,34.92,34.94,1.000,0.000
iaa-deflate,egress-4-93392b.bin,compress,6,131072,0.3139,882.4,101.69,111.16,111.71,1.000,0.000
iaa-deflate,egress-4-93392b.bin,decompress,6,131072,0.3139,2191.7,40.30,47.84,47.85,1.000,0.000
iaa-deflate,egress-4-93392b.bin,compress,6,0,0.3139,882.4,100.96,111.04,111.06,1.000,0.000
iaa-deflate,egress-4-93392b.bin,decompress,6,0,0.3139,2189.5,40.92,47.85,47.88,1.000,0.000
iaa-deflate,egress-4-93392b.bin,compress,9,8192,0.2032,418.5,14.58,24.75,24.75,1.000,0.000
iaa-deflate,egress-4-93392b.bin,decompress,9,8192,0.2032,1084.5,5.53,13.02,13.07,1.000,0.000
iaa-deflate,egress-4-93392b.bin,compress,9,16384,0.2043,592.1,22.82,32.92,32.92,1.000,0.000
iaa-deflate,egress-4-93392b.bin,decompress,9,16384,0.2043,1476.7,8.68,16.25,16.26,1.000,0.000
iaa-deflate,egress-4-93392b.bin,compress,9,32768,0.2108,739.3,48.36,49.43,49.46,0.998,0.002
iaa-deflate,egress-4-93392b.bin,decompress,9,32768,0.2108,1903.8,14.88,22.43,22.44,0.999,0.001
iaa-deflate,egress-4-93392b.bin,compress,9,65536,0.2228,840.7,73.18,83.20,83.27,1.000,0.000
iaa-deflate,egress-4-93392b.bin,decompress,9,65536,0.2228,2204.4,28.12,34.94,34.94,1.000,0.000
iaa-deflate,egress-4-93392b.bin,compress,9,131072,0.3139,882.4,101.42,111.07,111.08,1.000,0.000
iaa-deflate,egress-4-93392b.bin,decompress,9,131072,0.3139,2191.4,40.30,47.82,47.85,1.000,0.000
iaa-deflate,egress-4-93392b.bin,compress,9,0,0.3139,882.3,101.00,111.06,111.07,1.000,0.000
iaa-deflate,egress-4-93392b.bin,decompress,9,0,0.3139,2192.6,40.29,47.80,47.84,1.000,0.000
iaa-deflate,egress-0-1294b.bin,compress,1,8192,0.4212,178.6,5.10,12.61,12.65,1.000,0.000
iaa-deflate,egress-0-1294b.bin,decompress,1,8192,0.4212,254.0,2.95,10.53,10.56,1.000,0.000
iaa-deflate,egress-0-1294b.bin,compress,1,16384,0.4212,178.3,5.15,12.59,12.60,1.000,0.000
iaa-deflate,egress-0-1294b.bin,decompress,1,16384,0.4212,253.5,2.95,10.49,10.52,1.000,0.000
iaa-deflate,egress-0-1294b.bin,compress,1,32768,0.4212,180.1,5.09,12.58,12.61,1.000,0.000
iaa-deflate,egress-0-1294b.bin,decompress,1,32768,0.4212,261.1,2.56,10.51,10.52,1.000,0.000
iaa-deflate,egress-0-1294b.bin,compress,1,65536,0.4212,178.4,5.45,12.61,12.63,1.000,0.000
iaa-deflate,egress-0-1294b.bin,decompress,1,65536,0.4212,252.8,2.96,10.51,10.52,1.000,0.000
iaa-deflate,egress-0-1294b.bin,compress,1,131072,0.4212,181.1,5.03,12.62,12.65,1.000,0.000
iaa-deflate,egress-0-1294b.bin,decompress,1,131072,0.4212,254.6,2.94,10.25,10.26,1.000,0.000
iaa-deflate,egress-0-1294b.bin,compress,1,0,0.4212,177.6,5.05,12.60,12.62,1.000,0.000
iaa-deflate,egress-0-1294b.bin,decompress,1,0,0.4212,265.9,2.95,10.55,10.58,1.000,0.000
iaa-deflate,egress-0-1294b.bin,compress,3,8192,0.4212,178.2,7.17,12.61,12.66,1.000,0.000
iaa-deflate,egress-0-1294b.bin,decompress,3,8192,0.4212,253.0,2.94,10.52,10.52,1.000,0.000
iaa-deflate,egress-0-1294b.bin,compress,3,16384,0.4212,178.5,5.03,12.55,12.60,1.000,0.000
iaa-deflate,egress-0-1294b.bin,decompress,3,16384,0.4212,261.4,3.36,10.52,10.53,0.999,0.001
iaa-deflate,egress-0-1294b.bin,compress,3,32768,0.4212,179.7,4.90,12.62,13.10,1.000,0.000
iaa-deflate,egress-0-1294b.bin,decompress,3,32768,0.4212,253.7,2.98,10.52,10.55,1.000,0.000
iaa-deflate,egress-0-1294b.bin,compress,3,65536,0.4212,178.5,5.04,12.59,12.67,1.000,0.000
iaa-deflate,egress-0-1294b.bin,decompress,3,65536,0.4212,267.1,2.96,10.00,10.03,1.000,0.000
iaa-deflate,egress-0-1294b.bin,compress,3,131072,0.4212,178.6,5.03,12.62,12.62,1.000,0.000
iaa-deflate,egress-0-1294b.bin,decompress,3,131072,0.4212,253.6,2.94,10.32,10.51,1.000,0.000
iaa-deflate,egress-0-1294b.bin,compress,3,0,0.4212,178.5,5.04,12.66,12.66,1.000,0.000
iaa-deflate,egress-0-1294b.bin,decompress,3,0,0.4212,253.6,2.97,10.54,10.54,1.000,0.000
iaa-deflate,egress-0-1294b.bin,compress,6,8192,0.4212,178.8,5.03,12.60,12.66,1.000,0.000
iaa-deflate,egress-0-1294b.bin,decompress,6,8192,0.4212,254.0,2.94,10.51,10.53,1.000,0.000
iaa-deflate,egress-0-1294b.bin,compress,6,16384,0.4212,183.6,5.04,12.61,12.61,1.000,0.000
iaa-deflate,egress-0-1294b.bin,decompress,6,16384,0.4212,253.8,2.99,10.54,10.55,1.000,0.000
iaa-deflate,egress-0-1294b.bin,compress,6,32768,0.4212,178.4,5.04,12.58,12.58,1.000,0.000
iaa-deflate,egress-0-1294b.bin,decompress,6,32768,0.4212,254.7,2.97,10.50,10.52,1.000,0.000
iaa-deflate,egress-0-1294b.bin,compress,6,65536,0.4212,182.2,5.22,12.39,12.40,1.000,0.000
iaa-deflate,egress-0-1294b.bin,decompress,6,65536,0.4212,254.0,2.96,10.53,10.55,1.000,0.000
iaa-deflate,egress-0-1294b.bin,compress,6,131072,0.4212,178.7,5.07,12.59,12.60,1.000,0.000
iaa-deflate,egress-0-1294b.bin,decompress,6,131072,0.4212,253.5,4.32,10.51,10.51,1.000,0.000
iaa-deflate,egress-0-1294b.bin,compress,6,0,0.4212,178.4,5.03,12.60,12.60,1.000,0.000
iaa-deflate,egress-0-1294b.bin,decompress,6,0,0.4212,253.8,2.95,10.49,10.52,1.000,0.000
iaa-deflate,egress-0-1294b.bin,compress,9,8192,0.4212,180.3,5.03,12.58,12.59,1.000,0.000
iaa-deflate,egress-0-1294b.bin,decompress,9,8192,0.4212,260.7,3.44,10.50,10.53,1.000,0.000
iaa-deflate,egress-0-1294b.bin,compress,9,16384,0.4212,178.5,5.07,12.59,12.61,1.000,0.000
iaa-deflate,egress-0-1294b.bin,decompress,9,16384,0.4212,254.0,2.97,10.51,10.53,1.000,0.000
iaa-deflate,egress-0-1294b.bin,compress,9,32768,0.4212,182.1,5.04,12.55,12.56,1.000,0.000
iaa-deflate,egress-0-1294b.bin,decompress,9,32768,0.4212,255.7,3.37,10.23,10.23,1.000,0.000
iaa-deflate,egress-0-1294b.bin,compress,9,65536,0.4212,178.6,5.04,12.61,12.64,1.000,0.000
iaa-deflate,egress-0-1294b.bin,decompress,9,65536,0.4212,253.8,2.95,10.53,10.56,1.000,0.000
iaa-deflate,egress-0-1294b.bin,compress,9,131072,0.4212,178.5,5.47,12.54,12.61,1.000,0.000
iaa-deflate,egress-0-1294b.bin,decompress,9,131072,0.4212,253.5,2.97,10.51,10.57,1.000,0.000
iaa-deflate,egress-0-1294b.bin,compress,9,0,0.4212,182.1,5.03,12.59,12.61,1.000,0.000
iaa-deflate,egress-0-1294b.bin,decompress,9,0,0.4212,269.6,2.53,10.20,10.22,1.000,0.000
